-- phpMyAdmin SQL Dump
-- version 5.1.3
-- https://www.phpmyadmin.net/
--
-- Host: 127.0.0.1:3306
-- Generation Time: Aug 11, 2022 at 01:12 PM
-- Server version: 5.7.38
-- PHP Version: 8.1.5

SET SQL_MODE = "NO_AUTO_VALUE_ON_ZERO";
START TRANSACTION;
SET time_zone = "+00:00";


/*!40101 SET @OLD_CHARACTER_SET_CLIENT=@@CHARACTER_SET_CLIENT */;
/*!40101 SET @OLD_CHARACTER_SET_RESULTS=@@CHARACTER_SET_RESULTS */;
/*!40101 SET @OLD_COLLATION_CONNECTION=@@COLLATION_CONNECTION */;
/*!40101 SET NAMES utf8mb4 */;

--
-- Database: `lamia`
--

-- --------------------------------------------------------

--
-- Table structure for table `countries`
--

CREATE TABLE `countries` (
  `id` int(10) UNSIGNED NOT NULL,
  `title` varchar(191) COLLATE utf8mb4_unicode_ci NOT NULL,
  `created_at` timestamp NULL DEFAULT NULL,
  `updated_at` timestamp NULL DEFAULT NULL
) ENGINE=InnoDB DEFAULT CHARSET=utf8mb4 COLLATE=utf8mb4_unicode_ci;

--
-- Dumping data for table `countries`
--

INSERT INTO `countries` (`id`, `title`, `created_at`, `updated_at`) VALUES
(1, 'Afghanistan', '2022-08-09 11:24:56', '2022-08-09 11:24:56'),
(2, 'Åland Islands', '2022-08-09 11:24:56', '2022-08-09 11:24:56'),
(3, 'Albania', '2022-08-09 11:24:56', '2022-08-09 11:24:56'),
(4, 'Algeria', '2022-08-09 11:24:57', '2022-08-09 11:24:57'),
(5, 'American Samoa', '2022-08-09 11:24:57', '2022-08-09 11:24:57'),
(6, 'AndorrA', '2022-08-09 11:24:57', '2022-08-09 11:24:57'),
(7, 'Angola', '2022-08-09 11:24:57', '2022-08-09 11:24:57'),
(8, 'Anguilla', '2022-08-09 11:24:57', '2022-08-09 11:24:57'),
(9, 'Antarctica', '2022-08-09 11:24:57', '2022-08-09 11:24:57'),
(10, 'Antigua and Barbuda', '2022-08-09 11:24:57', '2022-08-09 11:24:57'),
(11, 'Argentina', '2022-08-09 11:24:57', '2022-08-09 11:24:57'),
(12, 'Armenia', '2022-08-09 11:24:58', '2022-08-09 11:24:58'),
(13, 'Aruba', '2022-08-09 11:24:58', '2022-08-09 11:24:58'),
(14, 'Australia', '2022-08-09 11:24:58', '2022-08-09 11:24:58'),
(15, 'Austria', '2022-08-09 11:24:58', '2022-08-09 11:24:58'),
(16, 'Azerbaijan', '2022-08-09 11:24:58', '2022-08-09 11:24:58'),
(17, 'Bahamas', '2022-08-09 11:24:58', '2022-08-09 11:24:58'),
(18, 'Bahrain', '2022-08-09 11:24:58', '2022-08-09 11:24:58'),
(19, 'Bangladesh', '2022-08-09 11:24:58', '2022-08-09 11:24:58'),
(20, 'Barbados', '2022-08-09 11:24:58', '2022-08-09 11:24:58'),
(21, 'Belarus', '2022-08-09 11:24:59', '2022-08-09 11:24:59'),
(22, 'Belgium', '2022-08-09 11:24:59', '2022-08-09 11:24:59'),
(23, 'Belize', '2022-08-09 11:24:59', '2022-08-09 11:24:59'),
(24, 'Benin', '2022-08-09 11:24:59', '2022-08-09 11:24:59'),
(25, 'Bermuda', '2022-08-09 11:24:59', '2022-08-09 11:24:59'),
(26, 'Bhutan', '2022-08-09 11:24:59', '2022-08-09 11:24:59'),
(27, 'Bolivia', '2022-08-09 11:24:59', '2022-08-09 11:24:59'),
(28, 'Bosnia and Herzegovina', '2022-08-09 11:24:59', '2022-08-09 11:24:59'),
(29, 'Botswana', '2022-08-09 11:25:00', '2022-08-09 11:25:00'),
(30, 'Bouvet Island', '2022-08-09 11:25:00', '2022-08-09 11:25:00'),
(31, 'Brazil', '2022-08-09 11:25:00', '2022-08-09 11:25:00'),
(32, 'British Indian Ocean Territory', '2022-08-09 11:25:00', '2022-08-09 11:25:00'),
(33, 'Brunei Darussalam', '2022-08-09 11:25:00', '2022-08-09 11:25:00'),
(34, 'Bulgaria', '2022-08-09 11:25:00', '2022-08-09 11:25:00'),
(35, 'Burkina Faso', '2022-08-09 11:25:00', '2022-08-09 11:25:00'),
(36, 'Burundi', '2022-08-09 11:25:00', '2022-08-09 11:25:00'),
(37, 'Cambodia', '2022-08-09 11:25:00', '2022-08-09 11:25:00'),
(38, 'Cameroon', '2022-08-09 11:25:00', '2022-08-09 11:25:00'),
(39, 'Canada', '2022-08-09 11:25:01', '2022-08-09 11:25:01'),
(40, 'Cape Verde', '2022-08-09 11:25:01', '2022-08-09 11:25:01'),
(41, 'Cayman Islands', '2022-08-09 11:25:01', '2022-08-09 11:25:01'),
(42, 'Central African Republic', '2022-08-09 11:25:01', '2022-08-09 11:25:01'),
(43, 'Chad', '2022-08-09 11:25:01', '2022-08-09 11:25:01'),
(44, 'Chile', '2022-08-09 11:25:01', '2022-08-09 11:25:01'),
(45, 'China', '2022-08-09 11:25:01', '2022-08-09 11:25:01'),
(46, 'Christmas Island', '2022-08-09 11:25:01', '2022-08-09 11:25:01'),
(47, 'Cocos (Keeling) Islands', '2022-08-09 11:25:01', '2022-08-09 11:25:01'),
(48, 'Colombia', '2022-08-09 11:25:02', '2022-08-09 11:25:02'),
(49, 'Comoros', '2022-08-09 11:25:02', '2022-08-09 11:25:02'),
(50, 'Congo', '2022-08-09 11:25:02', '2022-08-09 11:25:02'),
(51, 'Congo, The Democratic Republic of the', '2022-08-09 11:25:02', '2022-08-09 11:25:02'),
(52, 'Cook Islands', '2022-08-09 11:25:02', '2022-08-09 11:25:02'),
(53, 'Costa Rica', '2022-08-09 11:25:02', '2022-08-09 11:25:02'),
(54, 'Cote D\"Ivoire', '2022-08-09 11:25:03', '2022-08-09 11:25:03'),
(55, 'Croatia', '2022-08-09 11:25:03', '2022-08-09 11:25:03'),
(56, 'Cuba', '2022-08-09 11:25:03', '2022-08-09 11:25:03'),
(57, 'Cyprus', '2022-08-09 11:25:03', '2022-08-09 11:25:03'),
(58, 'Czech Republic', '2022-08-09 11:25:03', '2022-08-09 11:25:03'),
(59, 'Denmark', '2022-08-09 11:25:03', '2022-08-09 11:25:03'),
(60, 'Djibouti', '2022-08-09 11:25:03', '2022-08-09 11:25:03'),
(61, 'Dominica', '2022-08-09 11:25:04', '2022-08-09 11:25:04'),
(62, 'Dominican Republic', '2022-08-09 11:25:04', '2022-08-09 11:25:04'),
(63, 'Ecuador', '2022-08-09 11:25:04', '2022-08-09 11:25:04'),
(64, 'Egypt', '2022-08-09 11:25:04', '2022-08-09 11:25:04'),
(65, 'El Salvador', '2022-08-09 11:25:04', '2022-08-09 11:25:04'),
(66, 'Equatorial Guinea', '2022-08-09 11:25:04', '2022-08-09 11:25:04'),
(67, 'Eritrea', '2022-08-09 11:25:05', '2022-08-09 11:25:05'),
(68, 'Estonia', '2022-08-09 11:25:05', '2022-08-09 11:25:05'),
(69, 'Ethiopia', '2022-08-09 11:25:05', '2022-08-09 11:25:05'),
(70, 'Falkland Islands (Malvinas)', '2022-08-09 11:25:05', '2022-08-09 11:25:05'),
(71, 'Faroe Islands', '2022-08-09 11:25:05', '2022-08-09 11:25:05'),
(72, 'Fiji', '2022-08-09 11:25:05', '2022-08-09 11:25:05'),
(73, 'Finland', '2022-08-09 11:25:06', '2022-08-09 11:25:06'),
(74, 'France', '2022-08-09 11:25:06', '2022-08-09 11:25:06'),
(75, 'French Guiana', '2022-08-09 11:25:06', '2022-08-09 11:25:06'),
(76, 'French Polynesia', '2022-08-09 11:25:06', '2022-08-09 11:25:06'),
(77, 'French Southern Territories', '2022-08-09 11:25:06', '2022-08-09 11:25:06'),
(78, 'Gabon', '2022-08-09 11:25:06', '2022-08-09 11:25:06'),
(79, 'Gambia', '2022-08-09 11:25:06', '2022-08-09 11:25:06'),
(80, 'Georgia', '2022-08-09 11:25:06', '2022-08-09 11:25:06'),
(81, 'Germany', '2022-08-09 11:25:07', '2022-08-09 11:25:07'),
(82, 'Ghana', '2022-08-09 11:25:07', '2022-08-09 11:25:07'),
(83, 'Gibraltar', '2022-08-09 11:25:07', '2022-08-09 11:25:07'),
(84, 'Greece', '2022-08-09 11:25:07', '2022-08-09 11:25:07'),
(85, 'Greenland', '2022-08-09 11:25:07', '2022-08-09 11:25:07'),
(86, 'Grenada', '2022-08-09 11:25:07', '2022-08-09 11:25:07'),
(87, 'Guadeloupe', '2022-08-09 11:25:07', '2022-08-09 11:25:07'),
(88, 'Guam', '2022-08-09 11:25:08', '2022-08-09 11:25:08'),
(89, 'Guatemala', '2022-08-09 11:25:08', '2022-08-09 11:25:08'),
(90, 'Guernsey', '2022-08-09 11:25:08', '2022-08-09 11:25:08'),
(91, 'Guinea', '2022-08-09 11:25:08', '2022-08-09 11:25:08'),
(92, 'Guinea-Bissau', '2022-08-09 11:25:08', '2022-08-09 11:25:08'),
(93, 'Guyana', '2022-08-09 11:25:08', '2022-08-09 11:25:08'),
(94, 'Haiti', '2022-08-09 11:25:08', '2022-08-09 11:25:08'),
(95, 'Heard Island and Mcdonald Islands', '2022-08-09 11:25:08', '2022-08-09 11:25:08'),
(96, 'Holy See (Vatican City State)', '2022-08-09 11:25:09', '2022-08-09 11:25:09'),
(97, 'Honduras', '2022-08-09 11:25:09', '2022-08-09 11:25:09'),
(98, 'Hong Kong', '2022-08-09 11:25:09', '2022-08-09 11:25:09'),
(99, 'Hungary', '2022-08-09 11:25:09', '2022-08-09 11:25:09'),
(100, 'Iceland', '2022-08-09 11:25:09', '2022-08-09 11:25:09'),
(101, 'India', '2022-08-09 11:25:09', '2022-08-09 11:25:09'),
(102, 'Indonesia', '2022-08-09 11:25:09', '2022-08-09 11:25:09'),
(103, 'Iran, Islamic Republic Of', '2022-08-09 11:25:10', '2022-08-09 11:25:10'),
(104, 'Iraq', '2022-08-09 11:25:10', '2022-08-09 11:25:10'),
(105, 'Ireland', '2022-08-09 11:25:10', '2022-08-09 11:25:10'),
(106, 'Isle of Man', '2022-08-09 11:25:10', '2022-08-09 11:25:10'),
(107, 'Israel', '2022-08-09 11:25:10', '2022-08-09 11:25:10'),
(108, 'Italy', '2022-08-09 11:25:10', '2022-08-09 11:25:10'),
(109, 'Jamaica', '2022-08-09 11:25:10', '2022-08-09 11:25:10'),
(110, 'Japan', '2022-08-09 11:25:10', '2022-08-09 11:25:10'),
(111, 'Jersey', '2022-08-09 11:25:11', '2022-08-09 11:25:11'),
(112, 'Jordan', '2022-08-09 11:25:11', '2022-08-09 11:25:11'),
(113, 'Kazakhstan', '2022-08-09 11:25:11', '2022-08-09 11:25:11'),
(114, 'Kenya', '2022-08-09 11:25:11', '2022-08-09 11:25:11'),
(115, 'Kiribati', '2022-08-09 11:25:11', '2022-08-09 11:25:11'),
(116, 'Korea, Democratic People\"S Republic of', '2022-08-09 11:25:11', '2022-08-09 11:25:11'),
(117, 'Korea, Republic of', '2022-08-09 11:25:11', '2022-08-09 11:25:11'),
(118, 'Kuwait', '2022-08-09 11:25:11', '2022-08-09 11:25:11'),
(119, 'Kyrgyzstan', '2022-08-09 11:25:12', '2022-08-09 11:25:12'),
(120, 'Lao People\"S Democratic Republic', '2022-08-09 11:25:12', '2022-08-09 11:25:12'),
(121, 'Latvia', '2022-08-09 11:25:12', '2022-08-09 11:25:12'),
(122, 'Lebanon', '2022-08-09 11:25:12', '2022-08-09 11:25:12'),
(123, 'Lesotho', '2022-08-09 11:25:12', '2022-08-09 11:25:12'),
(124, 'Liberia', '2022-08-09 11:25:12', '2022-08-09 11:25:12'),
(125, 'Libyan Arab Jamahiriya', '2022-08-09 11:25:12', '2022-08-09 11:25:12'),
(126, 'Liechtenstein', '2022-08-09 11:25:13', '2022-08-09 11:25:13'),
(127, 'Lithuania', '2022-08-09 11:25:13', '2022-08-09 11:25:13'),
(128, 'Luxembourg', '2022-08-09 11:25:13', '2022-08-09 11:25:13'),
(129, 'Macao', '2022-08-09 11:25:13', '2022-08-09 11:25:13'),
(130, 'Macedonia, The Former Yugoslav Republic of', '2022-08-09 11:25:13', '2022-08-09 11:25:13'),
(131, 'Madagascar', '2022-08-09 11:25:13', '2022-08-09 11:25:13'),
(132, 'Malawi', '2022-08-09 11:25:13', '2022-08-09 11:25:13'),
(133, 'Malaysia', '2022-08-09 11:25:14', '2022-08-09 11:25:14'),
(134, 'Maldives', '2022-08-09 11:25:14', '2022-08-09 11:25:14'),
(135, 'Mali', '2022-08-09 11:25:14', '2022-08-09 11:25:14'),
(136, 'Malta', '2022-08-09 11:25:14', '2022-08-09 11:25:14'),
(137, 'Marshall Islands', '2022-08-09 11:25:14', '2022-08-09 11:25:14'),
(138, 'Martinique', '2022-08-09 11:25:14', '2022-08-09 11:25:14'),
(139, 'Mauritania', '2022-08-09 11:25:14', '2022-08-09 11:25:14'),
(140, 'Mauritius', '2022-08-09 11:25:15', '2022-08-09 11:25:15'),
(141, 'Mayotte', '2022-08-09 11:25:15', '2022-08-09 11:25:15'),
(142, 'Mexico', '2022-08-09 11:25:15', '2022-08-09 11:25:15'),
(143, 'Micronesia, Federated States of', '2022-08-09 11:25:15', '2022-08-09 11:25:15'),
(144, 'Moldova, Republic of', '2022-08-09 11:25:15', '2022-08-09 11:25:15'),
(145, 'Monaco', '2022-08-09 11:25:15', '2022-08-09 11:25:15'),
(146, 'Mongolia', '2022-08-09 11:25:15', '2022-08-09 11:25:15'),
(147, 'Montserrat', '2022-08-09 11:25:15', '2022-08-09 11:25:15'),
(148, 'Morocco', '2022-08-09 11:25:16', '2022-08-09 11:25:16'),
(149, 'Mozambique', '2022-08-09 11:25:16', '2022-08-09 11:25:16'),
(150, 'Myanmar', '2022-08-09 11:25:16', '2022-08-09 11:25:16'),
(151, 'Namibia', '2022-08-09 11:25:16', '2022-08-09 11:25:16'),
(152, 'Nauru', '2022-08-09 11:25:16', '2022-08-09 11:25:16'),
(153, 'Nepal', '2022-08-09 11:25:16', '2022-08-09 11:25:16'),
(154, 'Netherlands', '2022-08-09 11:25:16', '2022-08-09 11:25:16'),
(155, 'Netherlands Antilles', '2022-08-09 11:25:16', '2022-08-09 11:25:16'),
(156, 'New Caledonia', '2022-08-09 11:25:16', '2022-08-09 11:25:16'),
(157, 'New Zealand', '2022-08-09 11:25:17', '2022-08-09 11:25:17'),
(158, 'Nicaragua', '2022-08-09 11:25:17', '2022-08-09 11:25:17'),
(159, 'Niger', '2022-08-09 11:25:17', '2022-08-09 11:25:17'),
(160, 'Nigeria', '2022-08-09 11:25:17', '2022-08-09 11:25:17'),
(161, 'Niue', '2022-08-09 11:25:17', '2022-08-09 11:25:17'),
(162, 'Norfolk Island', '2022-08-09 11:25:17', '2022-08-09 11:25:17'),
(163, 'Northern Mariana Islands', '2022-08-09 11:25:17', '2022-08-09 11:25:17'),
(164, 'Norway', '2022-08-09 11:25:17', '2022-08-09 11:25:17'),
(165, 'Oman', '2022-08-09 11:25:17', '2022-08-09 11:25:17'),
(166, 'Pakistan', '2022-08-09 11:25:18', '2022-08-09 11:25:18'),
(167, 'Palau', '2022-08-09 11:25:18', '2022-08-09 11:25:18'),
(168, 'Palestinian Territory, Occupied', '2022-08-09 11:25:18', '2022-08-09 11:25:18'),
(169, 'Panama', '2022-08-09 11:25:18', '2022-08-09 11:25:18'),
(170, 'Papua New Guinea', '2022-08-09 11:25:18', '2022-08-09 11:25:18'),
(171, 'Paraguay', '2022-08-09 11:25:18', '2022-08-09 11:25:18'),
(172, 'Peru', '2022-08-09 11:25:18', '2022-08-09 11:25:18'),
(173, 'Philippines', '2022-08-09 11:25:18', '2022-08-09 11:25:18'),
(174, 'Pitcairn', '2022-08-09 11:25:19', '2022-08-09 11:25:19'),
(175, 'Poland', '2022-08-09 11:25:19', '2022-08-09 11:25:19'),
(176, 'Portugal', '2022-08-09 11:25:19', '2022-08-09 11:25:19'),
(177, 'Puerto Rico', '2022-08-09 11:25:19', '2022-08-09 11:25:19'),
(178, 'Qatar', '2022-08-09 11:25:19', '2022-08-09 11:25:19'),
(179, 'Reunion', '2022-08-09 11:25:19', '2022-08-09 11:25:19'),
(180, 'Romania', '2022-08-09 11:25:19', '2022-08-09 11:25:19'),
(181, 'Russian Federation', '2022-08-09 11:25:19', '2022-08-09 11:25:19'),
(182, 'RWANDA', '2022-08-09 11:25:19', '2022-08-09 11:25:19'),
(183, 'Saint Helena', '2022-08-09 11:25:19', '2022-08-09 11:25:19'),
(184, 'Saint Kitts and Nevis', '2022-08-09 11:25:20', '2022-08-09 11:25:20'),
(185, 'Saint Lucia', '2022-08-09 11:25:20', '2022-08-09 11:25:20'),
(186, 'Saint Pierre and Miquelon', '2022-08-09 11:25:20', '2022-08-09 11:25:20'),
(187, 'Saint Vincent and the Grenadines', '2022-08-09 11:25:20', '2022-08-09 11:25:20'),
(188, 'Samoa', '2022-08-09 11:25:20', '2022-08-09 11:25:20'),
(189, 'San Marino', '2022-08-09 11:25:20', '2022-08-09 11:25:20'),
(190, 'Sao Tome and Principe', '2022-08-09 11:25:20', '2022-08-09 11:25:20'),
(191, 'Saudi Arabia', '2022-08-09 11:25:20', '2022-08-09 11:25:20'),
(192, 'Senegal', '2022-08-09 11:25:20', '2022-08-09 11:25:20'),
(193, 'Serbia and Montenegro', '2022-08-09 11:25:20', '2022-08-09 11:25:20'),
(194, 'Seychelles', '2022-08-09 11:25:21', '2022-08-09 11:25:21'),
(195, 'Sierra Leone', '2022-08-09 11:25:21', '2022-08-09 11:25:21'),
(196, 'Singapore', '2022-08-09 11:25:21', '2022-08-09 11:25:21'),
(197, 'Slovakia', '2022-08-09 11:25:21', '2022-08-09 11:25:21'),
(198, 'Slovenia', '2022-08-09 11:25:21', '2022-08-09 11:25:21'),
(199, 'Solomon Islands', '2022-08-09 11:25:21', '2022-08-09 11:25:21'),
(200, 'Somalia', '2022-08-09 11:25:21', '2022-08-09 11:25:21'),
(201, 'South Africa', '2022-08-09 11:25:21', '2022-08-09 11:25:21'),
(202, 'South Georgia and the South Sandwich Islands', '2022-08-09 11:25:21', '2022-08-09 11:25:21'),
(203, 'Spain', '2022-08-09 11:25:21', '2022-08-09 11:25:21'),
(204, 'Sri Lanka', '2022-08-09 11:25:22', '2022-08-09 11:25:22'),
(205, 'Sudan', '2022-08-09 11:25:22', '2022-08-09 11:25:22'),
(206, 'Suri', '2022-08-09 11:25:22', '2022-08-09 11:25:22'),
(207, 'Svalbard and Jan Mayen', '2022-08-09 11:25:22', '2022-08-09 11:25:22'),
(208, 'Swaziland', '2022-08-09 11:25:22', '2022-08-09 11:25:22'),
(209, 'Sweden', '2022-08-09 11:25:22', '2022-08-09 11:25:22'),
(210, 'Switzerland', '2022-08-09 11:25:22', '2022-08-09 11:25:22'),
(211, 'Syrian Arab Republic', '2022-08-09 11:25:22', '2022-08-09 11:25:22'),
(212, 'Taiwan, Province of China', '2022-08-09 11:25:22', '2022-08-09 11:25:22'),
(213, 'Tajikistan', '2022-08-09 11:25:22', '2022-08-09 11:25:22'),
(214, 'Tanzania, United Republic of', '2022-08-09 11:25:22', '2022-08-09 11:25:22'),
(215, 'Thailand', '2022-08-09 11:25:23', '2022-08-09 11:25:23'),
(216, 'Timor-Leste', '2022-08-09 11:25:23', '2022-08-09 11:25:23'),
(217, 'Togo', '2022-08-09 11:25:23', '2022-08-09 11:25:23'),
(218, 'Tokelau', '2022-08-09 11:25:23', '2022-08-09 11:25:23'),
(219, 'Tonga', '2022-08-09 11:25:23', '2022-08-09 11:25:23'),
(220, 'Trinidad and Tobago', '2022-08-09 11:25:23', '2022-08-09 11:25:23'),
(221, 'Tunisia', '2022-08-09 11:25:23', '2022-08-09 11:25:23'),
(222, 'Turkey', '2022-08-09 11:25:23', '2022-08-09 11:25:23'),
(223, 'Turkmenistan', '2022-08-09 11:25:23', '2022-08-09 11:25:23'),
(224, 'Turks and Caicos Islands', '2022-08-09 11:25:23', '2022-08-09 11:25:23'),
(225, 'Tuvalu', '2022-08-09 11:25:23', '2022-08-09 11:25:23'),
(226, 'Uganda', '2022-08-09 11:25:23', '2022-08-09 11:25:23'),
(227, 'Ukraine', '2022-08-09 11:25:23', '2022-08-09 11:25:23'),
(228, 'United Arab Emirates', '2022-08-09 11:25:24', '2022-08-09 11:25:24'),
(229, 'United Kingdom', '2022-08-09 11:25:24', '2022-08-09 11:25:24'),
(230, 'United States', '2022-08-09 11:25:24', '2022-08-09 11:25:24'),
(231, 'United States Minor Outlying Islands', '2022-08-09 11:25:24', '2022-08-09 11:25:24'),
(232, 'Uruguay', '2022-08-09 11:25:24', '2022-08-09 11:25:24'),
(233, 'Uzbekistan', '2022-08-09 11:25:24', '2022-08-09 11:25:24'),
(234, 'Vanuatu', '2022-08-09 11:25:24', '2022-08-09 11:25:24'),
(235, 'Venezuela', '2022-08-09 11:25:24', '2022-08-09 11:25:24'),
(236, 'Viet Nam', '2022-08-09 11:25:24', '2022-08-09 11:25:24'),
(237, 'Virgin Islands, British', '2022-08-09 11:25:24', '2022-08-09 11:25:24'),
(238, 'Virgin Islands, U.S.', '2022-08-09 11:25:24', '2022-08-09 11:25:24'),
(239, 'Wallis and Futuna', '2022-08-09 11:25:24', '2022-08-09 11:25:24'),
(240, 'Western Sahara', '2022-08-09 11:25:25', '2022-08-09 11:25:25'),
(241, 'Yemen', '2022-08-09 11:25:25', '2022-08-09 11:25:25'),
(242, 'Zambia', '2022-08-09 11:25:25', '2022-08-09 11:25:25'),
(243, 'Zimbabwe', '2022-08-09 11:25:25', '2022-08-09 11:25:25');

-- --------------------------------------------------------

--
-- Table structure for table `failed_jobs`
--

CREATE TABLE `failed_jobs` (
  `id` bigint(20) UNSIGNED NOT NULL,
  `uuid` varchar(191) COLLATE utf8mb4_unicode_ci NOT NULL,
  `connection` text COLLATE utf8mb4_unicode_ci NOT NULL,
  `queue` text COLLATE utf8mb4_unicode_ci NOT NULL,
  `payload` longtext COLLATE utf8mb4_unicode_ci NOT NULL,
  `exception` longtext COLLATE utf8mb4_unicode_ci NOT NULL,
  `failed_at` timestamp NOT NULL DEFAULT CURRENT_TIMESTAMP
) ENGINE=InnoDB DEFAULT CHARSET=utf8mb4 COLLATE=utf8mb4_unicode_ci;

-- --------------------------------------------------------

--
-- Table structure for table `migrations`
--

CREATE TABLE `migrations` (
  `id` int(10) UNSIGNED NOT NULL,
  `migration` varchar(191) COLLATE utf8mb4_unicode_ci NOT NULL,
  `batch` int(11) NOT NULL
) ENGINE=InnoDB DEFAULT CHARSET=utf8mb4 COLLATE=utf8mb4_unicode_ci;

--
-- Dumping data for table `migrations`
--

INSERT INTO `migrations` (`id`, `migration`, `batch`) VALUES
(1, '2014_10_12_000000_create_users_table', 1),
(2, '2014_10_12_100000_create_password_resets_table', 1),
(3, '2019_08_19_000000_create_failed_jobs_table', 1),
(4, '2019_12_14_000001_create_personal_access_tokens_table', 1),
(5, '2022_07_26_163605_create_products_table', 1),
(6, '2022_07_26_163643_create_product_taxes_table', 1),
(7, '2022_07_26_163731_create_countries_table', 1),
(8, '2022_07_26_163817_create_orders_table', 1),
(9, '2022_07_26_163902_add_foreign_keys', 1),
(10, '2022_07_26_163927_create_order_products_table', 1);

-- --------------------------------------------------------

--
-- Table structure for table `orders`
--

CREATE TABLE `orders` (
  `id` int(10) UNSIGNED NOT NULL,
  `customer_first_name` varchar(191) COLLATE utf8mb4_unicode_ci NOT NULL,
  `customer_last_name` varchar(191) COLLATE utf8mb4_unicode_ci NOT NULL,
  `customer_email` varchar(191) COLLATE utf8mb4_unicode_ci NOT NULL,
  `invoice_format` varchar(191) COLLATE utf8mb4_unicode_ci NOT NULL COMMENT 'JSON, HTML, ...',
  `email_confirmation` tinyint(1) NOT NULL COMMENT '1 if the invoice should be sent to email, 2 if the invoice shouldn''t be sent to the email',
  `comment` text COLLATE utf8mb4_unicode_ci NOT NULL,
  `country_id` int(10) UNSIGNED NOT NULL,
  `subtotals` json NOT NULL,
  `total` double(8,2) UNSIGNED NOT NULL,
  `created_at` timestamp NULL DEFAULT NULL,
  `updated_at` timestamp NULL DEFAULT NULL
) ENGINE=InnoDB DEFAULT CHARSET=utf8mb4 COLLATE=utf8mb4_unicode_ci;

--
-- Dumping data for table `orders`
--

INSERT INTO `orders` (`id`, `customer_first_name`, `customer_last_name`, `customer_email`, `invoice_format`, `email_confirmation`, `comment`, `country_id`, `subtotals`, `total`, `created_at`, `updated_at`) VALUES
(1, 'Nastyshyn', 'Svyatoslav', 'nastyshyns@gmail.com', 'JSON', 1, '', 175, '{\"products_tax\": 3015, \"products_price\": 12696}', 15711.00, '2022-08-09 11:58:03', '2022-08-09 11:58:03'),
(2, 'Nastyshyn', 'Svyatoslav', 'nastyshyns@gmail.com', 'JSON', 1, '', 175, '{\"products_tax\": 3015, \"products_price\": 12696}', 15711.00, '2022-08-09 12:03:02', '2022-08-09 12:03:02'),
(3, 'Nastyshyn', 'Svyatoslav', 'nastyshyns@gmail.com', 'JSON', 1, '', 175, '{\"products_tax\": 3015, \"products_price\": 12696}', 15711.00, '2022-08-09 12:03:40', '2022-08-09 12:03:40'),
(4, 'Nastyshyn', 'Svyatoslav', 'nastyshyns@gmail.com', 'JSON', 1, '', 175, '{\"products_tax\": 3015, \"products_price\": 12696}', 15711.00, '2022-08-09 12:04:09', '2022-08-09 12:04:09'),
(5, 'Nastyshyn', 'Svyatoslav', 'nastyshyns@gmail.com', 'JSON', 1, '', 175, '{\"products_tax\": 3015, \"products_price\": 12696}', 15711.00, '2022-08-09 12:04:49', '2022-08-09 12:04:49'),
(6, 'Nastyshyn', 'Svyatoslav', 'nastyshyns@gmail.com', 'JSON', 1, '', 175, '{\"products_tax\": 3015, \"products_price\": 12696}', 15711.00, '2022-08-09 12:05:40', '2022-08-09 12:05:40'),
(7, 'Nastyshyn', 'Svyatoslav', 'nastyshyns@gmail.com', 'PDF', 1, '', 175, '{\"products_tax\": 3015, \"products_price\": 12696}', 15711.00, '2022-08-09 12:30:12', '2022-08-09 12:30:12'),
(8, 'Nastyshyn', 'Svyatoslav', 'nastyshyns@gmail.com', 'PDF', 1, '', 175, '{\"products_tax\": 3015, \"products_price\": 12696}', 15711.00, '2022-08-09 12:30:52', '2022-08-09 12:30:52'),
(9, 'Nastyshyn', 'Svyatoslav', 'nastyshyns@gmail.com', 'PDF', 1, '', 175, '{\"products_tax\": 3015, \"products_price\": 12696}', 15711.00, '2022-08-09 13:04:48', '2022-08-09 13:04:48'),
(10, 'Nastyshyn', 'Svyatoslav', 'nastyshyns@gmail.com', 'PDF', 1, '', 175, '{\"products_tax\": 3015, \"products_price\": 12696}', 15711.00, '2022-08-09 13:09:33', '2022-08-09 13:09:33'),
(11, 'Nastyshyn', 'Svyatoslav', 'nastyshyns@gmail.com', 'PDF', 1, '', 175, '{\"products_tax\": 3015, \"products_price\": 12696}', 15711.00, '2022-08-09 13:10:25', '2022-08-09 13:10:25'),
(12, 'Nastyshyn', 'Svyatoslav', 'nastyshyns@gmail.com', 'PDF', 1, '', 175, '{\"products_tax\": 2061.8, \"products_price\": 7930}', 9991.80, '2022-08-09 13:11:14', '2022-08-09 13:11:14'),
(13, 'Nastyshyn', 'Svyatoslav', 'nastyshyns@gmail.com', 'PDF', 0, '', 175, '{\"products_tax\": 2061.8, \"products_price\": 7930}', 9991.80, '2022-08-09 13:18:20', '2022-08-09 13:18:20'),
(14, 'Nastyshyn', 'Svyatoslav', 'nastyshyns@gmail.com', 'PDF', 0, '', 175, '{\"products_tax\": 20618, \"products_price\": 79300}', 99918.00, '2022-08-09 13:18:33', '2022-08-09 13:18:33'),
(15, 'Nastyshyn', 'Svyatoslav', 'nastyshyns@gmail.com', 'PDF', 0, '', 175, '{\"products_tax\": 21465.77, \"products_price\": 83337}', 104802.77, '2022-08-09 13:19:10', '2022-08-09 13:19:10'),
(16, 'Nastyshyn', 'Svyatoslav', 'nastyshyns@gmail.com', 'PDF', 0, '', 175, '{\"products_tax\": 21465.77, \"products_price\": 83337}', 104802.77, '2022-08-09 13:45:18', '2022-08-09 13:45:18');

-- --------------------------------------------------------

--
-- Table structure for table `order_products`
--

CREATE TABLE `order_products` (
  `id` int(10) UNSIGNED NOT NULL,
  `order_id` int(10) UNSIGNED NOT NULL,
  `product_id` int(10) UNSIGNED NOT NULL,
  `quantity` int(11) NOT NULL
) ENGINE=InnoDB DEFAULT CHARSET=utf8mb4 COLLATE=utf8mb4_unicode_ci;

--
-- Dumping data for table `order_products`
--

INSERT INTO `order_products` (`id`, `order_id`, `product_id`, `quantity`) VALUES
(1, 1, 3, 1),
(2, 1, 6, 2),
(3, 2, 3, 1),
(4, 2, 6, 2),
(5, 3, 3, 1),
(6, 3, 6, 2),
(7, 4, 3, 1),
(8, 4, 6, 2),
(9, 5, 3, 1),
(10, 5, 6, 2),
(11, 6, 3, 1),
(12, 6, 6, 2),
(13, 7, 3, 1),
(14, 7, 6, 2),
(15, 8, 3, 1),
(16, 8, 6, 2),
(17, 9, 3, 1),
(18, 9, 6, 2),
(19, 10, 3, 1),
(20, 10, 6, 2),
(21, 11, 3, 1),
(22, 11, 6, 2),
(23, 12, 3, 1),
(24, 13, 3, 1),
(25, 14, 3, 10),
(26, 15, 3, 10),
(27, 15, 4, 1),
(28, 16, 3, 10),
(29, 16, 4, 1);

-- --------------------------------------------------------

--
-- Table structure for table `password_resets`
--

CREATE TABLE `password_resets` (
  `email` varchar(191) COLLATE utf8mb4_unicode_ci NOT NULL,
  `token` varchar(191) COLLATE utf8mb4_unicode_ci NOT NULL,
  `created_at` timestamp NULL DEFAULT NULL
) ENGINE=InnoDB DEFAULT CHARSET=utf8mb4 COLLATE=utf8mb4_unicode_ci;

-- --------------------------------------------------------

--
-- Table structure for table `personal_access_tokens`
--

CREATE TABLE `personal_access_tokens` (
  `id` bigint(20) UNSIGNED NOT NULL,
  `tokenable_type` varchar(191) COLLATE utf8mb4_unicode_ci NOT NULL,
  `tokenable_id` bigint(20) UNSIGNED NOT NULL,
  `name` varchar(191) COLLATE utf8mb4_unicode_ci NOT NULL,
  `token` varchar(64) COLLATE utf8mb4_unicode_ci NOT NULL,
  `abilities` text COLLATE utf8mb4_unicode_ci,
  `last_used_at` timestamp NULL DEFAULT NULL,
  `expires_at` timestamp NULL DEFAULT NULL,
  `created_at` timestamp NULL DEFAULT NULL,
  `updated_at` timestamp NULL DEFAULT NULL
) ENGINE=InnoDB DEFAULT CHARSET=utf8mb4 COLLATE=utf8mb4_unicode_ci;

-- --------------------------------------------------------

--
-- Table structure for table `products`
--

CREATE TABLE `products` (
  `id` int(10) UNSIGNED NOT NULL,
  `product_name` varchar(191) COLLATE utf8mb4_unicode_ci NOT NULL,
  `price` double(8,2) UNSIGNED NOT NULL,
  `created_at` timestamp NULL DEFAULT NULL,
  `updated_at` timestamp NULL DEFAULT NULL
) ENGINE=InnoDB DEFAULT CHARSET=utf8mb4 COLLATE=utf8mb4_unicode_ci;

--
-- Dumping data for table `products`
--

INSERT INTO `products` (`id`, `product_name`, `price`, `created_at`, `updated_at`) VALUES
(1, 'product-0 vat: Poland, Ukraine, Finland', 6119.00, '2022-08-09 11:17:33', '2022-08-09 11:17:33'),
(2, 'product-0 vat: Poland, Ukraine, Finland', 2029.00, '2022-08-09 11:22:29', '2022-08-09 11:22:29'),
(3, 'product-0 vat: Poland, Ukraine, Finland', 7930.00, '2022-08-09 11:25:48', '2022-08-09 11:25:48'),
(4, 'product-1 vat: Poland, Ukraine, Finland', 4037.00, '2022-08-09 11:25:49', '2022-08-09 11:25:49'),
(5, 'product-2 vat: Poland, Ukraine, Finland', 6266.00, '2022-08-09 11:25:50', '2022-08-09 11:25:50'),
(6, 'product-3 vat: Poland, Ukraine, Finland', 2383.00, '2022-08-09 11:25:50', '2022-08-09 11:25:50'),
(7, 'product-4 vat: Poland, Ukraine, Finland', 7112.00, '2022-08-09 11:25:51', '2022-08-09 11:25:51'),
(8, 'product-5 vat: Poland, Ukraine, Finland', 10000.00, '2022-08-09 11:25:51', '2022-08-09 11:25:51'),
(9, 'product-6 vat: Poland, Ukraine, Finland', 6816.00, '2022-08-09 11:25:52', '2022-08-09 11:25:52'),
(10, 'product-7 vat: Poland, Ukraine, Finland', 5688.00, '2022-08-09 11:25:53', '2022-08-09 11:25:53'),
(11, 'product-8 vat: Poland, Ukraine, Finland', 5003.00, '2022-08-09 11:25:53', '2022-08-09 11:25:53'),
(12, 'product-9 vat: Poland, Ukraine, Finland', 604.00, '2022-08-09 11:25:54', '2022-08-09 11:25:54'),
(13, 'product-10 vat: Poland, Ukraine, Finland', 6139.00, '2022-08-09 11:25:54', '2022-08-09 11:25:54'),
(14, 'product-11 vat: Poland, Ukraine, Finland', 1731.00, '2022-08-09 11:25:55', '2022-08-09 11:25:55'),
(15, 'product-12 vat: Poland, Ukraine, Finland', 4963.00, '2022-08-09 11:25:55', '2022-08-09 11:25:55'),
(16, 'product-13 vat: Poland, Ukraine, Finland', 609.00, '2022-08-09 11:25:56', '2022-08-09 11:25:56'),
(17, 'product-14 vat: Poland, Ukraine, Finland', 3288.00, '2022-08-09 11:25:56', '2022-08-09 11:25:56'),
(18, 'product-15 vat: Poland, Ukraine, Finland', 5084.00, '2022-08-09 11:25:57', '2022-08-09 11:25:57'),
(19, 'product-16 vat: Poland, Ukraine, Finland', 9416.00, '2022-08-09 11:25:57', '2022-08-09 11:25:57'),
(20, 'product-17 vat: Poland, Ukraine, Finland', 9256.00, '2022-08-09 11:25:58', '2022-08-09 11:25:58'),
(21, 'product-18 vat: Poland, Ukraine, Finland', 101.00, '2022-08-09 11:25:58', '2022-08-09 11:25:58'),
(22, 'product-19 vat: Poland, Ukraine, Finland', 6747.00, '2022-08-09 11:25:59', '2022-08-09 11:25:59'),
(23, 'product-20 vat: Poland, Ukraine, Finland', 7259.00, '2022-08-09 11:26:00', '2022-08-09 11:26:00'),
(24, 'product-21 vat: Poland, Ukraine, Finland', 9173.00, '2022-08-09 11:26:00', '2022-08-09 11:26:00'),
(25, 'product-22 vat: Poland, Ukraine, Finland', 7878.00, '2022-08-09 11:26:01', '2022-08-09 11:26:01'),
(26, 'product-23 vat: Poland, Ukraine, Finland', 9571.00, '2022-08-09 11:26:01', '2022-08-09 11:26:01'),
(27, 'product-24 vat: Poland, Ukraine, Finland', 4796.00, '2022-08-09 11:26:02', '2022-08-09 11:26:02'),
(28, 'product-25 vat: Poland, Ukraine, Finland', 3939.00, '2022-08-09 11:26:03', '2022-08-09 11:26:03'),
(29, 'product-26 vat: Poland, Ukraine, Finland', 8159.00, '2022-08-09 11:26:03', '2022-08-09 11:26:03'),
(30, 'product-27 vat: Poland, Ukraine, Finland', 829.00, '2022-08-09 11:26:04', '2022-08-09 11:26:04'),
(31, 'product-28 vat: Poland, Ukraine, Finland', 6834.00, '2022-08-09 11:26:05', '2022-08-09 11:26:05'),
(32, 'product-29 vat: Poland, Ukraine, Finland', 9421.00, '2022-08-09 11:26:05', '2022-08-09 11:26:05'),
(33, 'product-30 vat: Poland, Ukraine, Finland', 3858.00, '2022-08-09 11:26:06', '2022-08-09 11:26:06'),
(34, 'product-31 vat: Poland, Ukraine, Finland', 7811.00, '2022-08-09 11:26:06', '2022-08-09 11:26:06'),
(35, 'product-32 vat: Poland, Ukraine, Finland', 4545.00, '2022-08-09 11:26:07', '2022-08-09 11:26:07'),
(36, 'product-33 vat: Poland, Ukraine, Finland', 1008.00, '2022-08-09 11:26:07', '2022-08-09 11:26:07'),
(37, 'product-34 vat: Poland, Ukraine, Finland', 4025.00, '2022-08-09 11:26:08', '2022-08-09 11:26:08'),
(38, 'product-35 vat: Poland, Ukraine, Finland', 9785.00, '2022-08-09 11:26:08', '2022-08-09 11:26:08'),
(39, 'product-36 vat: Poland, Ukraine, Finland', 404.00, '2022-08-09 11:26:08', '2022-08-09 11:26:08'),
(40, 'product-37 vat: Poland, Ukraine, Finland', 2527.00, '2022-08-09 11:26:09', '2022-08-09 11:26:09'),
(41, 'product-38 vat: Poland, Ukraine, Finland', 8648.00, '2022-08-09 11:26:09', '2022-08-09 11:26:09'),
(42, 'product-39 vat: Poland, Ukraine, Finland', 5365.00, '2022-08-09 11:26:10', '2022-08-09 11:26:10'),
(43, 'product-40 vat: Poland, Ukraine, Finland', 3289.00, '2022-08-09 11:26:10', '2022-08-09 11:26:10'),
(44, 'product-41 vat: Poland, Ukraine, Finland', 1107.00, '2022-08-09 11:26:11', '2022-08-09 11:26:11'),
(45, 'product-42 vat: Poland, Ukraine, Finland', 9987.00, '2022-08-09 11:26:12', '2022-08-09 11:26:12'),
(46, 'product-43 vat: Poland, Ukraine, Finland', 1730.00, '2022-08-09 11:26:12', '2022-08-09 11:26:12'),
(47, 'product-44 vat: Poland, Ukraine, Finland', 5514.00, '2022-08-09 11:26:13', '2022-08-09 11:26:13'),
(48, 'product-45 vat: Poland, Ukraine, Finland', 1786.00, '2022-08-09 11:26:13', '2022-08-09 11:26:13'),
(49, 'product-46 vat: Poland, Ukraine, Finland', 210.00, '2022-08-09 11:26:14', '2022-08-09 11:26:14'),
(50, 'product-47 vat: Poland, Ukraine, Finland', 5165.00, '2022-08-09 11:26:14', '2022-08-09 11:26:14'),
(51, 'product-48 vat: Poland, Ukraine, Finland', 1243.00, '2022-08-09 11:26:15', '2022-08-09 11:26:15'),
(52, 'product-49 vat: Poland, Ukraine, Finland', 3654.00, '2022-08-09 11:26:16', '2022-08-09 11:26:16'),
(53, 'product-50 vat: Poland, Ukraine, Finland', 2657.00, '2022-08-09 11:26:16', '2022-08-09 11:26:16'),
(54, 'product-51 vat: Poland, Ukraine, Finland', 4781.00, '2022-08-09 11:26:17', '2022-08-09 11:26:17'),
(55, 'product-52 vat: Poland, Ukraine, Finland', 7783.00, '2022-08-09 11:26:17', '2022-08-09 11:26:17'),
(56, 'product-53 vat: Poland, Ukraine, Finland', 3055.00, '2022-08-09 11:26:18', '2022-08-09 11:26:18'),
(57, 'product-54 vat: Poland, Ukraine, Finland', 9669.00, '2022-08-09 11:26:19', '2022-08-09 11:26:19'),
(58, 'product-55 vat: Poland, Ukraine, Finland', 9311.00, '2022-08-09 11:26:19', '2022-08-09 11:26:19'),
(59, 'product-56 vat: Poland, Ukraine, Finland', 6234.00, '2022-08-09 11:26:20', '2022-08-09 11:26:20'),
(60, 'product-57 vat: Poland, Ukraine, Finland', 5100.00, '2022-08-09 11:26:20', '2022-08-09 11:26:20'),
(61, 'product-58 vat: Poland, Ukraine, Finland', 719.00, '2022-08-09 11:26:21', '2022-08-09 11:26:21'),
(62, 'product-59 vat: Poland, Ukraine, Finland', 661.00, '2022-08-09 11:26:21', '2022-08-09 11:26:21'),
(63, 'product-60 vat: Poland, Ukraine, Finland', 382.00, '2022-08-09 11:26:22', '2022-08-09 11:26:22'),
(64, 'product-61 vat: Poland, Ukraine, Finland', 7809.00, '2022-08-09 11:26:22', '2022-08-09 11:26:22'),
(65, 'product-62 vat: Poland, Ukraine, Finland', 2011.00, '2022-08-09 11:26:22', '2022-08-09 11:26:22'),
(66, 'product-63 vat: Poland, Ukraine, Finland', 214.00, '2022-08-09 11:26:23', '2022-08-09 11:26:23'),
(67, 'product-64 vat: Poland, Ukraine, Finland', 1376.00, '2022-08-09 11:26:23', '2022-08-09 11:26:23'),
(68, 'product-65 vat: Poland, Ukraine, Finland', 7031.00, '2022-08-09 11:26:23', '2022-08-09 11:26:23'),
(69, 'product-66 vat: Poland, Ukraine, Finland', 7137.00, '2022-08-09 11:26:24', '2022-08-09 11:26:24'),
(70, 'product-67 vat: Poland, Ukraine, Finland', 4924.00, '2022-08-09 11:26:24', '2022-08-09 11:26:24'),
(71, 'product-68 vat: Poland, Ukraine, Finland', 8374.00, '2022-08-09 11:26:25', '2022-08-09 11:26:25'),
(72, 'product-69 vat: Poland, Ukraine, Finland', 7076.00, '2022-08-09 11:26:25', '2022-08-09 11:26:25'),
(73, 'product-70 vat: Poland, Ukraine, Finland', 3855.00, '2022-08-09 11:26:25', '2022-08-09 11:26:25'),
(74, 'product-71 vat: Poland, Ukraine, Finland', 3944.00, '2022-08-09 11:26:26', '2022-08-09 11:26:26'),
(75, 'product-72 vat: Poland, Ukraine, Finland', 9788.00, '2022-08-09 11:26:26', '2022-08-09 11:26:26'),
(76, 'product-73 vat: Poland, Ukraine, Finland', 6584.00, '2022-08-09 11:26:27', '2022-08-09 11:26:27'),
(77, 'product-74 vat: Poland, Ukraine, Finland', 152.00, '2022-08-09 11:26:27', '2022-08-09 11:26:27'),
(78, 'product-75 vat: Poland, Ukraine, Finland', 3775.00, '2022-08-09 11:26:27', '2022-08-09 11:26:27'),
(79, 'product-76 vat: Poland, Ukraine, Finland', 6068.00, '2022-08-09 11:26:28', '2022-08-09 11:26:28'),
(80, 'product-77 vat: Poland, Ukraine, Finland', 292.00, '2022-08-09 11:26:28', '2022-08-09 11:26:28'),
(81, 'product-78 vat: Poland, Ukraine, Finland', 8342.00, '2022-08-09 11:26:28', '2022-08-09 11:26:28'),
(82, 'product-79 vat: Poland, Ukraine, Finland', 6356.00, '2022-08-09 11:26:29', '2022-08-09 11:26:29'),
(83, 'product-80 vat: Poland, Ukraine, Finland', 816.00, '2022-08-09 11:26:29', '2022-08-09 11:26:29'),
(84, 'product-81 vat: Poland, Ukraine, Finland', 9078.00, '2022-08-09 11:26:29', '2022-08-09 11:26:29'),
(85, 'product-82 vat: Poland, Ukraine, Finland', 1504.00, '2022-08-09 11:26:30', '2022-08-09 11:26:30'),
(86, 'product-83 vat: Poland, Ukraine, Finland', 4243.00, '2022-08-09 11:26:30', '2022-08-09 11:26:30'),
(87, 'product-84 vat: Poland, Ukraine, Finland', 20.00, '2022-08-09 11:26:30', '2022-08-09 11:26:30'),
(88, 'product-85 vat: Poland, Ukraine, Finland', 931.00, '2022-08-09 11:26:31', '2022-08-09 11:26:31'),
(89, 'product-86 vat: Poland, Ukraine, Finland', 1066.00, '2022-08-09 11:26:31', '2022-08-09 11:26:31'),
(90, 'product-87 vat: Poland, Ukraine, Finland', 351.00, '2022-08-09 11:26:32', '2022-08-09 11:26:32'),
(91, 'product-88 vat: Poland, Ukraine, Finland', 9169.00, '2022-08-09 11:26:32', '2022-08-09 11:26:32'),
(92, 'product-89 vat: Poland, Ukraine, Finland', 3923.00, '2022-08-09 11:26:33', '2022-08-09 11:26:33'),
(93, 'product-90 vat: Poland, Ukraine, Finland', 8802.00, '2022-08-09 11:26:34', '2022-08-09 11:26:34'),
(94, 'product-91 vat: Poland, Ukraine, Finland', 2901.00, '2022-08-09 11:26:34', '2022-08-09 11:26:34'),
(95, 'product-92 vat: Poland, Ukraine, Finland', 1387.00, '2022-08-09 11:26:35', '2022-08-09 11:26:35'),
(96, 'product-93 vat: Poland, Ukraine, Finland', 6506.00, '2022-08-09 11:26:35', '2022-08-09 11:26:35'),
(97, 'product-94 vat: Poland, Ukraine, Finland', 3447.00, '2022-08-09 11:26:36', '2022-08-09 11:26:36'),
(98, 'product-95 vat: Poland, Ukraine, Finland', 2970.00, '2022-08-09 11:26:36', '2022-08-09 11:26:36'),
(99, 'product-96 vat: Poland, Ukraine, Finland', 2552.00, '2022-08-09 11:26:37', '2022-08-09 11:26:37'),
(100, 'product-97 vat: Poland, Ukraine, Finland', 947.00, '2022-08-09 11:26:37', '2022-08-09 11:26:37'),
(101, 'product-98 vat: Poland, Ukraine, Finland', 2584.00, '2022-08-09 11:26:38', '2022-08-09 11:26:38'),
(102, 'product-99 vat: Poland, Ukraine, Finland', 661.00, '2022-08-09 11:26:38', '2022-08-09 11:26:38'),
(103, 'product-100 vat: Poland, Finland', 9359.00, '2022-08-09 11:26:39', '2022-08-09 11:26:39'),
(104, 'product-101 vat: Poland, Finland', 2263.00, '2022-08-09 11:26:40', '2022-08-09 11:26:40'),
(105, 'product-102 vat: Poland, Finland', 3241.00, '2022-08-09 11:26:40', '2022-08-09 11:26:40'),
(106, 'product-103 vat: Poland, Finland', 3381.00, '2022-08-09 11:26:41', '2022-08-09 11:26:41'),
(107, 'product-104 vat: Poland, Finland', 7110.00, '2022-08-09 11:26:41', '2022-08-09 11:26:41'),
(108, 'product-105 vat: Poland, Finland', 1805.00, '2022-08-09 11:26:41', '2022-08-09 11:26:41'),
(109, 'product-106 vat: Poland, Finland', 7966.00, '2022-08-09 11:26:42', '2022-08-09 11:26:42'),
(110, 'product-107 vat: Poland, Finland', 7395.00, '2022-08-09 11:26:42', '2022-08-09 11:26:42'),
(111, 'product-108 vat: Poland, Finland', 9474.00, '2022-08-09 11:26:43', '2022-08-09 11:26:43'),
(112, 'product-109 vat: Poland, Finland', 7670.00, '2022-08-09 11:26:43', '2022-08-09 11:26:43'),
(113, 'product-110 vat: Poland, Finland', 800.00, '2022-08-09 11:26:43', '2022-08-09 11:26:43'),
(114, 'product-111 vat: Poland, Finland', 2329.00, '2022-08-09 11:26:44', '2022-08-09 11:26:44'),
(115, 'product-112 vat: Poland, Finland', 7614.00, '2022-08-09 11:26:44', '2022-08-09 11:26:44'),
(116, 'product-113 vat: Poland, Finland', 8744.00, '2022-08-09 11:26:45', '2022-08-09 11:26:45'),
(117, 'product-114 vat: Poland, Finland', 6450.00, '2022-08-09 11:26:45', '2022-08-09 11:26:45'),
(118, 'product-115 vat: Poland, Finland', 2736.00, '2022-08-09 11:26:45', '2022-08-09 11:26:45'),
(119, 'product-116 vat: Poland, Finland', 6343.00, '2022-08-09 11:26:46', '2022-08-09 11:26:46'),
(120, 'product-117 vat: Poland, Finland', 5080.00, '2022-08-09 11:26:46', '2022-08-09 11:26:46'),
(121, 'product-118 vat: Poland, Finland', 8513.00, '2022-08-09 11:26:47', '2022-08-09 11:26:47'),
(122, 'product-119 vat: Poland, Finland', 4812.00, '2022-08-09 11:26:47', '2022-08-09 11:26:47'),
(123, 'product-120 vat: Poland, Finland', 6308.00, '2022-08-09 11:26:47', '2022-08-09 11:26:47'),
(124, 'product-121 vat: Poland, Finland', 3960.00, '2022-08-09 11:26:48', '2022-08-09 11:26:48'),
(125, 'product-122 vat: Poland, Finland', 6414.00, '2022-08-09 11:26:48', '2022-08-09 11:26:48'),
(126, 'product-123 vat: Poland, Finland', 2657.00, '2022-08-09 11:26:48', '2022-08-09 11:26:48'),
(127, 'product-124 vat: Poland, Finland', 2272.00, '2022-08-09 11:26:49', '2022-08-09 11:26:49'),
(128, 'product-125 vat: Poland, Finland', 2120.00, '2022-08-09 11:26:49', '2022-08-09 11:26:49'),
(129, 'product-126 vat: Poland, Finland', 6391.00, '2022-08-09 11:26:50', '2022-08-09 11:26:50'),
(130, 'product-127 vat: Poland, Finland', 2639.00, '2022-08-09 11:26:50', '2022-08-09 11:26:50'),
(131, 'product-128 vat: Poland, Finland', 3397.00, '2022-08-09 11:26:50', '2022-08-09 11:26:50'),
(132, 'product-129 vat: Poland, Finland', 343.00, '2022-08-09 11:26:51', '2022-08-09 11:26:51'),
(133, 'product-130 vat: Poland, Finland', 3797.00, '2022-08-09 11:26:51', '2022-08-09 11:26:51'),
(134, 'product-131 vat: Poland, Finland', 7983.00, '2022-08-09 11:26:52', '2022-08-09 11:26:52'),
(135, 'product-132 vat: Poland, Finland', 5300.00, '2022-08-09 11:26:52', '2022-08-09 11:26:52'),
(136, 'product-133 vat: Poland, Finland', 484.00, '2022-08-09 11:26:53', '2022-08-09 11:26:53'),
(137, 'product-134 vat: Poland, Finland', 6810.00, '2022-08-09 11:26:53', '2022-08-09 11:26:53'),
(138, 'product-135 vat: Poland, Finland', 7945.00, '2022-08-09 11:26:54', '2022-08-09 11:26:54'),
(139, 'product-136 vat: Poland, Finland', 2981.00, '2022-08-09 11:26:54', '2022-08-09 11:26:54'),
(140, 'product-137 vat: Poland, Finland', 503.00, '2022-08-09 11:26:54', '2022-08-09 11:26:54'),
(141, 'product-138 vat: Poland, Finland', 2908.00, '2022-08-09 11:26:55', '2022-08-09 11:26:55'),
(142, 'product-139 vat: Poland, Finland', 5768.00, '2022-08-09 11:26:55', '2022-08-09 11:26:55'),
(143, 'product-140 vat: Poland, Finland', 9264.00, '2022-08-09 11:26:56', '2022-08-09 11:26:56'),
(144, 'product-141 vat: Poland, Finland', 1142.00, '2022-08-09 11:26:56', '2022-08-09 11:26:56'),
(145, 'product-142 vat: Poland, Finland', 7973.00, '2022-08-09 11:26:57', '2022-08-09 11:26:57'),
(146, 'product-143 vat: Poland, Finland', 8791.00, '2022-08-09 11:26:57', '2022-08-09 11:26:57'),
(147, 'product-144 vat: Poland, Finland', 3785.00, '2022-08-09 11:26:58', '2022-08-09 11:26:58'),
(148, 'product-145 vat: Poland, Finland', 4894.00, '2022-08-09 11:26:58', '2022-08-09 11:26:58'),
(149, 'product-146 vat: Poland, Finland', 663.00, '2022-08-09 11:26:58', '2022-08-09 11:26:58'),
(150, 'product-147 vat: Poland, Finland', 3726.00, '2022-08-09 11:26:59', '2022-08-09 11:26:59'),
(151, 'product-148 vat: Poland, Finland', 7433.00, '2022-08-09 11:26:59', '2022-08-09 11:26:59'),
(152, 'product-149 vat: Poland, Finland', 5977.00, '2022-08-09 11:26:59', '2022-08-09 11:26:59'),
(153, 'product-150 vat: Poland, Finland', 1647.00, '2022-08-09 11:27:00', '2022-08-09 11:27:00'),
(154, 'product-151 vat: Poland, Finland', 6382.00, '2022-08-09 11:27:00', '2022-08-09 11:27:00'),
(155, 'product-152 vat: Poland, Finland', 1616.00, '2022-08-09 11:27:01', '2022-08-09 11:27:01'),
(156, 'product-153 vat: Poland, Finland', 927.00, '2022-08-09 11:27:01', '2022-08-09 11:27:01'),
(157, 'product-154 vat: Poland, Finland', 6845.00, '2022-08-09 11:27:01', '2022-08-09 11:27:01'),
(158, 'product-155 vat: Poland, Finland', 8516.00, '2022-08-09 11:27:02', '2022-08-09 11:27:02'),
(159, 'product-156 vat: Poland, Finland', 4475.00, '2022-08-09 11:27:02', '2022-08-09 11:27:02'),
(160, 'product-157 vat: Poland, Finland', 5547.00, '2022-08-09 11:27:03', '2022-08-09 11:27:03'),
(161, 'product-158 vat: Poland, Finland', 5747.00, '2022-08-09 11:27:03', '2022-08-09 11:27:03'),
(162, 'product-159 vat: Poland, Finland', 6852.00, '2022-08-09 11:27:04', '2022-08-09 11:27:04'),
(163, 'product-160 vat: Poland, Finland', 9694.00, '2022-08-09 11:27:04', '2022-08-09 11:27:04'),
(164, 'product-161 vat: Poland, Finland', 4421.00, '2022-08-09 11:27:04', '2022-08-09 11:27:04'),
(165, 'product-162 vat: Poland, Finland', 7008.00, '2022-08-09 11:27:05', '2022-08-09 11:27:05'),
(166, 'product-163 vat: Poland, Finland', 4573.00, '2022-08-09 11:27:05', '2022-08-09 11:27:05'),
(167, 'product-164 vat: Poland, Finland', 2314.00, '2022-08-09 11:27:06', '2022-08-09 11:27:06'),
(168, 'product-165 vat: Poland, Finland', 8886.00, '2022-08-09 11:27:06', '2022-08-09 11:27:06'),
(169, 'product-166 vat: Poland, Finland', 3619.00, '2022-08-09 11:27:06', '2022-08-09 11:27:06'),
(170, 'product-167 vat: Poland, Finland', 7367.00, '2022-08-09 11:27:07', '2022-08-09 11:27:07'),
(171, 'product-168 vat: Poland, Finland', 2129.00, '2022-08-09 11:27:07', '2022-08-09 11:27:07'),
(172, 'product-169 vat: Poland, Finland', 1818.00, '2022-08-09 11:27:08', '2022-08-09 11:27:08'),
(173, 'product-170 vat: Poland, Finland', 1161.00, '2022-08-09 11:27:08', '2022-08-09 11:27:08'),
(174, 'product-171 vat: Poland, Finland', 812.00, '2022-08-09 11:27:09', '2022-08-09 11:27:09'),
(175, 'product-172 vat: Poland, Finland', 9780.00, '2022-08-09 11:27:09', '2022-08-09 11:27:09'),
(176, 'product-173 vat: Poland, Finland', 1567.00, '2022-08-09 11:27:09', '2022-08-09 11:27:09'),
(177, 'product-174 vat: Poland, Finland', 6270.00, '2022-08-09 11:27:10', '2022-08-09 11:27:10'),
(178, 'product-175 vat: Poland, Finland', 6933.00, '2022-08-09 11:27:10', '2022-08-09 11:27:10'),
(179, 'product-176 vat: Poland, Finland', 4903.00, '2022-08-09 11:27:10', '2022-08-09 11:27:10'),
(180, 'product-177 vat: Poland, Finland', 5241.00, '2022-08-09 11:27:11', '2022-08-09 11:27:11'),
(181, 'product-178 vat: Poland, Finland', 8238.00, '2022-08-09 11:27:11', '2022-08-09 11:27:11'),
(182, 'product-179 vat: Poland, Finland', 2305.00, '2022-08-09 11:27:12', '2022-08-09 11:27:12'),
(183, 'product-180 vat: Poland, Finland', 4770.00, '2022-08-09 11:27:12', '2022-08-09 11:27:12'),
(184, 'product-181 vat: Poland, Finland', 8690.00, '2022-08-09 11:27:13', '2022-08-09 11:27:13'),
(185, 'product-182 vat: Poland, Finland', 2447.00, '2022-08-09 11:27:13', '2022-08-09 11:27:13'),
(186, 'product-183 vat: Poland, Finland', 2693.00, '2022-08-09 11:27:13', '2022-08-09 11:27:13'),
(187, 'product-184 vat: Poland, Finland', 4566.00, '2022-08-09 11:27:14', '2022-08-09 11:27:14'),
(188, 'product-185 vat: Poland, Finland', 3444.00, '2022-08-09 11:27:14', '2022-08-09 11:27:14'),
(189, 'product-186 vat: Poland, Finland', 9959.00, '2022-08-09 11:27:15', '2022-08-09 11:27:15'),
(190, 'product-187 vat: Poland, Finland', 5200.00, '2022-08-09 11:27:15', '2022-08-09 11:27:15'),
(191, 'product-188 vat: Poland, Finland', 3680.00, '2022-08-09 11:27:15', '2022-08-09 11:27:15'),
(192, 'product-189 vat: Poland, Finland', 7589.00, '2022-08-09 11:27:16', '2022-08-09 11:27:16'),
(193, 'product-190 vat: Poland, Finland', 2367.00, '2022-08-09 11:27:16', '2022-08-09 11:27:16'),
(194, 'product-191 vat: Poland, Finland', 1455.00, '2022-08-09 11:27:16', '2022-08-09 11:27:16'),
(195, 'product-192 vat: Poland, Finland', 8181.00, '2022-08-09 11:27:17', '2022-08-09 11:27:17'),
(196, 'product-193 vat: Poland, Finland', 4663.00, '2022-08-09 11:27:17', '2022-08-09 11:27:17'),
(197, 'product-194 vat: Poland, Finland', 4265.00, '2022-08-09 11:27:18', '2022-08-09 11:27:18'),
(198, 'product-195 vat: Poland, Finland', 4131.00, '2022-08-09 11:27:18', '2022-08-09 11:27:18'),
(199, 'product-196 vat: Poland, Finland', 9620.00, '2022-08-09 11:27:18', '2022-08-09 11:27:18'),
(200, 'product-197 vat: Poland, Finland', 9232.00, '2022-08-09 11:27:19', '2022-08-09 11:27:19'),
(201, 'product-198 vat: Poland, Finland', 4720.00, '2022-08-09 11:27:19', '2022-08-09 11:27:19'),
(202, 'product-199 vat: Poland, Finland', 7384.00, '2022-08-09 11:27:20', '2022-08-09 11:27:20'),
(203, 'product-200 vat: Finland', 8606.00, '2022-08-09 11:27:20', '2022-08-09 11:27:20'),
(204, 'product-201 vat: Finland', 1721.00, '2022-08-09 11:27:20', '2022-08-09 11:27:20'),
(205, 'product-202 vat: Finland', 9082.00, '2022-08-09 11:27:21', '2022-08-09 11:27:21'),
(206, 'product-203 vat: Finland', 8394.00, '2022-08-09 11:27:21', '2022-08-09 11:27:21'),
(207, 'product-204 vat: Finland', 3513.00, '2022-08-09 11:27:21', '2022-08-09 11:27:21'),
(208, 'product-205 vat: Finland', 1857.00, '2022-08-09 11:27:21', '2022-08-09 11:27:21'),
(209, 'product-206 vat: Finland', 3207.00, '2022-08-09 11:27:22', '2022-08-09 11:27:22'),
(210, 'product-207 vat: Finland', 144.00, '2022-08-09 11:27:22', '2022-08-09 11:27:22'),
(211, 'product-208 vat: Finland', 3275.00, '2022-08-09 11:27:22', '2022-08-09 11:27:22'),
(212, 'product-209 vat: Finland', 6857.00, '2022-08-09 11:27:22', '2022-08-09 11:27:22'),
(213, 'product-210 vat: Finland', 6771.00, '2022-08-09 11:27:22', '2022-08-09 11:27:22'),
(214, 'product-211 vat: Finland', 6804.00, '2022-08-09 11:27:23', '2022-08-09 11:27:23'),
(215, 'product-212 vat: Finland', 9636.00, '2022-08-09 11:27:23', '2022-08-09 11:27:23'),
(216, 'product-213 vat: Finland', 9449.00, '2022-08-09 11:27:23', '2022-08-09 11:27:23'),
(217, 'product-214 vat: Finland', 4282.00, '2022-08-09 11:27:23', '2022-08-09 11:27:23'),
(218, 'product-215 vat: Finland', 8975.00, '2022-08-09 11:27:24', '2022-08-09 11:27:24'),
(219, 'product-216 vat: Finland', 7715.00, '2022-08-09 11:27:24', '2022-08-09 11:27:24'),
(220, 'product-217 vat: Finland', 9242.00, '2022-08-09 11:27:24', '2022-08-09 11:27:24'),
(221, 'product-218 vat: Finland', 4509.00, '2022-08-09 11:27:25', '2022-08-09 11:27:25'),
(222, 'product-219 vat: Finland', 6316.00, '2022-08-09 11:27:25', '2022-08-09 11:27:25'),
(223, 'product-220 vat: Finland', 266.00, '2022-08-09 11:27:25', '2022-08-09 11:27:25'),
(224, 'product-221 vat: Finland', 5603.00, '2022-08-09 11:27:25', '2022-08-09 11:27:25'),
(225, 'product-222 vat: Finland', 6577.00, '2022-08-09 11:27:26', '2022-08-09 11:27:26'),
(226, 'product-223 vat: Finland', 2906.00, '2022-08-09 11:27:26', '2022-08-09 11:27:26'),
(227, 'product-224 vat: Finland', 5712.00, '2022-08-09 11:27:26', '2022-08-09 11:27:26'),
(228, 'product-225 vat: Finland', 6440.00, '2022-08-09 11:27:26', '2022-08-09 11:27:26'),
(229, 'product-226 vat: Finland', 2276.00, '2022-08-09 11:27:26', '2022-08-09 11:27:26'),
(230, 'product-227 vat: Finland', 6547.00, '2022-08-09 11:27:27', '2022-08-09 11:27:27'),
(231, 'product-228 vat: Finland', 1870.00, '2022-08-09 11:27:27', '2022-08-09 11:27:27'),
(232, 'product-229 vat: Finland', 5970.00, '2022-08-09 11:27:27', '2022-08-09 11:27:27'),
(233, 'product-230 vat: Finland', 9958.00, '2022-08-09 11:27:27', '2022-08-09 11:27:27'),
(234, 'product-231 vat: Finland', 1250.00, '2022-08-09 11:27:28', '2022-08-09 11:27:28'),
(235, 'product-232 vat: Finland', 8849.00, '2022-08-09 11:27:28', '2022-08-09 11:27:28'),
(236, 'product-233 vat: Finland', 5772.00, '2022-08-09 11:27:28', '2022-08-09 11:27:28'),
(237, 'product-234 vat: Finland', 3228.00, '2022-08-09 11:27:28', '2022-08-09 11:27:28'),
(238, 'product-235 vat: Finland', 9038.00, '2022-08-09 11:27:29', '2022-08-09 11:27:29'),
(239, 'product-236 vat: Finland', 682.00, '2022-08-09 11:27:29', '2022-08-09 11:27:29'),
(240, 'product-237 vat: Finland', 8681.00, '2022-08-09 11:27:29', '2022-08-09 11:27:29'),
(241, 'product-238 vat: Finland', 1112.00, '2022-08-09 11:27:30', '2022-08-09 11:27:30'),
(242, 'product-239 vat: Finland', 8407.00, '2022-08-09 11:27:30', '2022-08-09 11:27:30'),
(243, 'product-240 vat: Finland', 8216.00, '2022-08-09 11:27:30', '2022-08-09 11:27:30'),
(244, 'product-241 vat: Finland', 5759.00, '2022-08-09 11:27:30', '2022-08-09 11:27:30'),
(245, 'product-242 vat: Finland', 2886.00, '2022-08-09 11:27:31', '2022-08-09 11:27:31'),
(246, 'product-243 vat: Finland', 5357.00, '2022-08-09 11:27:31', '2022-08-09 11:27:31'),
(247, 'product-244 vat: Finland', 2395.00, '2022-08-09 11:27:31', '2022-08-09 11:27:31'),
(248, 'product-245 vat: Finland', 6940.00, '2022-08-09 11:27:32', '2022-08-09 11:27:32'),
(249, 'product-246 vat: Finland', 2140.00, '2022-08-09 11:27:32', '2022-08-09 11:27:32'),
(250, 'product-247 vat: Finland', 2970.00, '2022-08-09 11:27:33', '2022-08-09 11:27:33'),
(251, 'product-248 vat: Finland', 8817.00, '2022-08-09 11:27:33', '2022-08-09 11:27:33'),
(252, 'product-249 vat: Finland', 2704.00, '2022-08-09 11:27:33', '2022-08-09 11:27:33'),
(253, 'product-250 vat: Finland', 4659.00, '2022-08-09 11:27:34', '2022-08-09 11:27:34'),
(254, 'product-251 vat: Finland', 756.00, '2022-08-09 11:27:34', '2022-08-09 11:27:34'),
(255, 'product-252 vat: Finland', 8405.00, '2022-08-09 11:27:34', '2022-08-09 11:27:34'),
(256, 'product-253 vat: Finland', 6628.00, '2022-08-09 11:27:35', '2022-08-09 11:27:35'),
(257, 'product-254 vat: Finland', 4727.00, '2022-08-09 11:27:35', '2022-08-09 11:27:35'),
(258, 'product-255 vat: Finland', 20.00, '2022-08-09 11:27:35', '2022-08-09 11:27:35'),
(259, 'product-256 vat: Finland', 9578.00, '2022-08-09 11:27:36', '2022-08-09 11:27:36'),
(260, 'product-257 vat: Finland', 5527.00, '2022-08-09 11:27:36', '2022-08-09 11:27:36'),
(261, 'product-258 vat: Finland', 3127.00, '2022-08-09 11:27:36', '2022-08-09 11:27:36'),
(262, 'product-259 vat: Finland', 4341.00, '2022-08-09 11:27:37', '2022-08-09 11:27:37'),
(263, 'product-260 vat: Finland', 3631.00, '2022-08-09 11:27:37', '2022-08-09 11:27:37'),
(264, 'product-261 vat: Finland', 2447.00, '2022-08-09 11:27:37', '2022-08-09 11:27:37'),
(265, 'product-262 vat: Finland', 7898.00, '2022-08-09 11:27:37', '2022-08-09 11:27:37'),
(266, 'product-263 vat: Finland', 1323.00, '2022-08-09 11:27:38', '2022-08-09 11:27:38'),
(267, 'product-264 vat: Finland', 2097.00, '2022-08-09 11:27:38', '2022-08-09 11:27:38'),
(268, 'product-265 vat: Finland', 3392.00, '2022-08-09 11:27:38', '2022-08-09 11:27:38'),
(269, 'product-266 vat: Finland', 8929.00, '2022-08-09 11:27:38', '2022-08-09 11:27:38'),
(270, 'product-267 vat: Finland', 5828.00, '2022-08-09 11:27:39', '2022-08-09 11:27:39'),
(271, 'product-268 vat: Finland', 8892.00, '2022-08-09 11:27:39', '2022-08-09 11:27:39'),
(272, 'product-269 vat: Finland', 9501.00, '2022-08-09 11:27:39', '2022-08-09 11:27:39'),
(273, 'product-270 vat: Finland', 3733.00, '2022-08-09 11:27:39', '2022-08-09 11:27:39'),
(274, 'product-271 vat: Finland', 7239.00, '2022-08-09 11:27:40', '2022-08-09 11:27:40'),
(275, 'product-272 vat: Finland', 8034.00, '2022-08-09 11:27:40', '2022-08-09 11:27:40'),
(276, 'product-273 vat: Finland', 8425.00, '2022-08-09 11:27:40', '2022-08-09 11:27:40'),
(277, 'product-274 vat: Finland', 7388.00, '2022-08-09 11:27:41', '2022-08-09 11:27:41'),
(278, 'product-275 vat: Finland', 6412.00, '2022-08-09 11:27:41', '2022-08-09 11:27:41'),
(279, 'product-276 vat: Finland', 6877.00, '2022-08-09 11:27:41', '2022-08-09 11:27:41'),
(280, 'product-277 vat: Finland', 2421.00, '2022-08-09 11:27:42', '2022-08-09 11:27:42'),
(281, 'product-278 vat: Finland', 3902.00, '2022-08-09 11:27:42', '2022-08-09 11:27:42'),
(282, 'product-279 vat: Finland', 9816.00, '2022-08-09 11:27:42', '2022-08-09 11:27:42'),
(283, 'product-280 vat: Finland', 4028.00, '2022-08-09 11:27:42', '2022-08-09 11:27:42'),
(284, 'product-281 vat: Finland', 3617.00, '2022-08-09 11:27:43', '2022-08-09 11:27:43'),
(285, 'product-282 vat: Finland', 1922.00, '2022-08-09 11:27:43', '2022-08-09 11:27:43'),
(286, 'product-283 vat: Finland', 1648.00, '2022-08-09 11:27:43', '2022-08-09 11:27:43'),
(287, 'product-284 vat: Finland', 4060.00, '2022-08-09 11:27:43', '2022-08-09 11:27:43'),
(288, 'product-285 vat: Finland', 3498.00, '2022-08-09 11:27:44', '2022-08-09 11:27:44'),
(289, 'product-286 vat: Finland', 5767.00, '2022-08-09 11:27:44', '2022-08-09 11:27:44'),
(290, 'product-287 vat: Finland', 4127.00, '2022-08-09 11:27:44', '2022-08-09 11:27:44'),
(291, 'product-288 vat: Finland', 6833.00, '2022-08-09 11:27:45', '2022-08-09 11:27:45'),
(292, 'product-289 vat: Finland', 7123.00, '2022-08-09 11:27:45', '2022-08-09 11:27:45'),
(293, 'product-290 vat: Finland', 917.00, '2022-08-09 11:27:45', '2022-08-09 11:27:45'),
(294, 'product-291 vat: Finland', 5527.00, '2022-08-09 11:27:45', '2022-08-09 11:27:45'),
(295, 'product-292 vat: Finland', 4568.00, '2022-08-09 11:27:46', '2022-08-09 11:27:46'),
(296, 'product-293 vat: Finland', 1865.00, '2022-08-09 11:27:46', '2022-08-09 11:27:46'),
(297, 'product-294 vat: Finland', 3438.00, '2022-08-09 11:27:46', '2022-08-09 11:27:46'),
(298, 'product-295 vat: Finland', 7213.00, '2022-08-09 11:27:46', '2022-08-09 11:27:46'),
(299, 'product-296 vat: Finland', 9380.00, '2022-08-09 11:27:47', '2022-08-09 11:27:47'),
(300, 'product-297 vat: Finland', 567.00, '2022-08-09 11:27:47', '2022-08-09 11:27:47'),
(301, 'product-298 vat: Finland', 1541.00, '2022-08-09 11:27:47', '2022-08-09 11:27:47'),
(302, 'product-299 vat: Finland', 5400.00, '2022-08-09 11:27:47', '2022-08-09 11:27:47');

-- --------------------------------------------------------

--
-- Table structure for table `product_taxes`
--

CREATE TABLE `product_taxes` (
  `id` int(10) UNSIGNED NOT NULL,
  `product_id` int(10) UNSIGNED NOT NULL,
  `country_id` int(10) UNSIGNED NOT NULL,
  `vat` double(8,2) UNSIGNED NOT NULL,
  `created_at` timestamp NULL DEFAULT NULL,
  `updated_at` timestamp NULL DEFAULT NULL
) ENGINE=InnoDB DEFAULT CHARSET=utf8mb4 COLLATE=utf8mb4_unicode_ci;

--
-- Dumping data for table `product_taxes`
--

INSERT INTO `product_taxes` (`id`, `product_id`, `country_id`, `vat`, `created_at`, `updated_at`) VALUES
(3, 3, 175, 26.00, '2022-08-09 11:25:48', '2022-08-09 11:25:48'),
(4, 3, 73, 29.00, '2022-08-09 11:25:48', '2022-08-09 11:25:48'),
(5, 3, 227, 26.00, '2022-08-09 11:25:49', '2022-08-09 11:25:49'),
(6, 4, 175, 21.00, '2022-08-09 11:25:49', '2022-08-09 11:25:49'),
(7, 4, 73, 20.00, '2022-08-09 11:25:49', '2022-08-09 11:25:49'),
(8, 4, 227, 28.00, '2022-08-09 11:25:50', '2022-08-09 11:25:50'),
(9, 5, 175, 21.00, '2022-08-09 11:25:50', '2022-08-09 11:25:50'),
(10, 5, 73, 26.00, '2022-08-09 11:25:50', '2022-08-09 11:25:50'),
(11, 5, 227, 23.00, '2022-08-09 11:25:50', '2022-08-09 11:25:50'),
(12, 6, 175, 20.00, '2022-08-09 11:25:50', '2022-08-09 11:25:50'),
(13, 6, 73, 24.00, '2022-08-09 11:25:50', '2022-08-09 11:25:50'),
(14, 6, 227, 21.00, '2022-08-09 11:25:51', '2022-08-09 11:25:51'),
(15, 7, 175, 22.00, '2022-08-09 11:25:51', '2022-08-09 11:25:51'),
(16, 7, 73, 29.00, '2022-08-09 11:25:51', '2022-08-09 11:25:51'),
(17, 7, 227, 28.00, '2022-08-09 11:25:51', '2022-08-09 11:25:51'),
(18, 8, 175, 30.00, '2022-08-09 11:25:51', '2022-08-09 11:25:51'),
(19, 8, 73, 26.00, '2022-08-09 11:25:52', '2022-08-09 11:25:52'),
(20, 8, 227, 22.00, '2022-08-09 11:25:52', '2022-08-09 11:25:52'),
(21, 9, 175, 30.00, '2022-08-09 11:25:52', '2022-08-09 11:25:52'),
(22, 9, 73, 20.00, '2022-08-09 11:25:52', '2022-08-09 11:25:52'),
(23, 9, 227, 29.00, '2022-08-09 11:25:52', '2022-08-09 11:25:52'),
(24, 10, 175, 27.00, '2022-08-09 11:25:53', '2022-08-09 11:25:53'),
(25, 10, 73, 27.00, '2022-08-09 11:25:53', '2022-08-09 11:25:53'),
(26, 10, 227, 28.00, '2022-08-09 11:25:53', '2022-08-09 11:25:53'),
(27, 11, 175, 20.00, '2022-08-09 11:25:53', '2022-08-09 11:25:53'),
(28, 11, 73, 30.00, '2022-08-09 11:25:53', '2022-08-09 11:25:53'),
(29, 11, 227, 25.00, '2022-08-09 11:25:54', '2022-08-09 11:25:54'),
(30, 12, 175, 23.00, '2022-08-09 11:25:54', '2022-08-09 11:25:54'),
(31, 12, 73, 23.00, '2022-08-09 11:25:54', '2022-08-09 11:25:54'),
(32, 12, 227, 28.00, '2022-08-09 11:25:54', '2022-08-09 11:25:54'),
(33, 13, 175, 30.00, '2022-08-09 11:25:54', '2022-08-09 11:25:54'),
(34, 13, 73, 26.00, '2022-08-09 11:25:54', '2022-08-09 11:25:54'),
(35, 13, 227, 23.00, '2022-08-09 11:25:55', '2022-08-09 11:25:55'),
(36, 14, 175, 23.00, '2022-08-09 11:25:55', '2022-08-09 11:25:55'),
(37, 14, 73, 21.00, '2022-08-09 11:25:55', '2022-08-09 11:25:55'),
(38, 14, 227, 21.00, '2022-08-09 11:25:55', '2022-08-09 11:25:55'),
(39, 15, 175, 29.00, '2022-08-09 11:25:55', '2022-08-09 11:25:55'),
(40, 15, 73, 28.00, '2022-08-09 11:25:55', '2022-08-09 11:25:55'),
(41, 15, 227, 28.00, '2022-08-09 11:25:56', '2022-08-09 11:25:56'),
(42, 16, 175, 26.00, '2022-08-09 11:25:56', '2022-08-09 11:25:56'),
(43, 16, 73, 23.00, '2022-08-09 11:25:56', '2022-08-09 11:25:56'),
(44, 16, 227, 29.00, '2022-08-09 11:25:56', '2022-08-09 11:25:56'),
(45, 17, 175, 20.00, '2022-08-09 11:25:56', '2022-08-09 11:25:56'),
(46, 17, 73, 23.00, '2022-08-09 11:25:56', '2022-08-09 11:25:56'),
(47, 17, 227, 29.00, '2022-08-09 11:25:56', '2022-08-09 11:25:56'),
(48, 18, 175, 26.00, '2022-08-09 11:25:57', '2022-08-09 11:25:57'),
(49, 18, 73, 20.00, '2022-08-09 11:25:57', '2022-08-09 11:25:57'),
(50, 18, 227, 20.00, '2022-08-09 11:25:57', '2022-08-09 11:25:57'),
(51, 19, 175, 29.00, '2022-08-09 11:25:57', '2022-08-09 11:25:57'),
(52, 19, 73, 24.00, '2022-08-09 11:25:57', '2022-08-09 11:25:57'),
(53, 19, 227, 22.00, '2022-08-09 11:25:57', '2022-08-09 11:25:57'),
(54, 20, 175, 23.00, '2022-08-09 11:25:58', '2022-08-09 11:25:58'),
(55, 20, 73, 25.00, '2022-08-09 11:25:58', '2022-08-09 11:25:58'),
(56, 20, 227, 25.00, '2022-08-09 11:25:58', '2022-08-09 11:25:58'),
(57, 21, 175, 29.00, '2022-08-09 11:25:59', '2022-08-09 11:25:59'),
(58, 21, 73, 28.00, '2022-08-09 11:25:59', '2022-08-09 11:25:59'),
(59, 21, 227, 28.00, '2022-08-09 11:25:59', '2022-08-09 11:25:59'),
(60, 22, 175, 23.00, '2022-08-09 11:25:59', '2022-08-09 11:25:59'),
(61, 22, 73, 29.00, '2022-08-09 11:25:59', '2022-08-09 11:25:59'),
(62, 22, 227, 27.00, '2022-08-09 11:26:00', '2022-08-09 11:26:00'),
(63, 23, 175, 30.00, '2022-08-09 11:26:00', '2022-08-09 11:26:00'),
(64, 23, 73, 28.00, '2022-08-09 11:26:00', '2022-08-09 11:26:00'),
(65, 23, 227, 26.00, '2022-08-09 11:26:00', '2022-08-09 11:26:00'),
(66, 24, 175, 24.00, '2022-08-09 11:26:01', '2022-08-09 11:26:01'),
(67, 24, 73, 24.00, '2022-08-09 11:26:01', '2022-08-09 11:26:01'),
(68, 24, 227, 22.00, '2022-08-09 11:26:01', '2022-08-09 11:26:01'),
(69, 25, 175, 30.00, '2022-08-09 11:26:01', '2022-08-09 11:26:01'),
(70, 25, 73, 23.00, '2022-08-09 11:26:01', '2022-08-09 11:26:01'),
(71, 25, 227, 23.00, '2022-08-09 11:26:01', '2022-08-09 11:26:01'),
(72, 26, 175, 30.00, '2022-08-09 11:26:01', '2022-08-09 11:26:01'),
(73, 26, 73, 24.00, '2022-08-09 11:26:02', '2022-08-09 11:26:02'),
(74, 26, 227, 26.00, '2022-08-09 11:26:02', '2022-08-09 11:26:02'),
(75, 27, 175, 22.00, '2022-08-09 11:26:02', '2022-08-09 11:26:02'),
(76, 27, 73, 29.00, '2022-08-09 11:26:02', '2022-08-09 11:26:02'),
(77, 27, 227, 20.00, '2022-08-09 11:26:03', '2022-08-09 11:26:03'),
(78, 28, 175, 30.00, '2022-08-09 11:26:03', '2022-08-09 11:26:03'),
(79, 28, 73, 21.00, '2022-08-09 11:26:03', '2022-08-09 11:26:03'),
(80, 28, 227, 22.00, '2022-08-09 11:26:03', '2022-08-09 11:26:03'),
(81, 29, 175, 28.00, '2022-08-09 11:26:03', '2022-08-09 11:26:03'),
(82, 29, 73, 25.00, '2022-08-09 11:26:04', '2022-08-09 11:26:04'),
(83, 29, 227, 30.00, '2022-08-09 11:26:04', '2022-08-09 11:26:04'),
(84, 30, 175, 23.00, '2022-08-09 11:26:04', '2022-08-09 11:26:04'),
(85, 30, 73, 28.00, '2022-08-09 11:26:04', '2022-08-09 11:26:04'),
(86, 30, 227, 28.00, '2022-08-09 11:26:04', '2022-08-09 11:26:04'),
(87, 31, 175, 21.00, '2022-08-09 11:26:05', '2022-08-09 11:26:05'),
(88, 31, 73, 25.00, '2022-08-09 11:26:05', '2022-08-09 11:26:05'),
(89, 31, 227, 26.00, '2022-08-09 11:26:05', '2022-08-09 11:26:05'),
(90, 32, 175, 26.00, '2022-08-09 11:26:05', '2022-08-09 11:26:05'),
(91, 32, 73, 24.00, '2022-08-09 11:26:05', '2022-08-09 11:26:05'),
(92, 32, 227, 20.00, '2022-08-09 11:26:06', '2022-08-09 11:26:06'),
(93, 33, 175, 21.00, '2022-08-09 11:26:06', '2022-08-09 11:26:06'),
(94, 33, 73, 28.00, '2022-08-09 11:26:06', '2022-08-09 11:26:06'),
(95, 33, 227, 24.00, '2022-08-09 11:26:06', '2022-08-09 11:26:06'),
(96, 34, 175, 29.00, '2022-08-09 11:26:06', '2022-08-09 11:26:06'),
(97, 34, 73, 28.00, '2022-08-09 11:26:06', '2022-08-09 11:26:06'),
(98, 34, 227, 27.00, '2022-08-09 11:26:07', '2022-08-09 11:26:07'),
(99, 35, 175, 26.00, '2022-08-09 11:26:07', '2022-08-09 11:26:07'),
(100, 35, 73, 24.00, '2022-08-09 11:26:07', '2022-08-09 11:26:07'),
(101, 35, 227, 21.00, '2022-08-09 11:26:07', '2022-08-09 11:26:07'),
(102, 36, 175, 29.00, '2022-08-09 11:26:07', '2022-08-09 11:26:07'),
(103, 36, 73, 23.00, '2022-08-09 11:26:07', '2022-08-09 11:26:07'),
(104, 36, 227, 21.00, '2022-08-09 11:26:07', '2022-08-09 11:26:07'),
(105, 37, 175, 23.00, '2022-08-09 11:26:08', '2022-08-09 11:26:08'),
(106, 37, 73, 30.00, '2022-08-09 11:26:08', '2022-08-09 11:26:08'),
(107, 37, 227, 20.00, '2022-08-09 11:26:08', '2022-08-09 11:26:08'),
(108, 38, 175, 20.00, '2022-08-09 11:26:08', '2022-08-09 11:26:08'),
(109, 38, 73, 30.00, '2022-08-09 11:26:08', '2022-08-09 11:26:08'),
(110, 38, 227, 28.00, '2022-08-09 11:26:08', '2022-08-09 11:26:08'),
(111, 39, 175, 21.00, '2022-08-09 11:26:09', '2022-08-09 11:26:09'),
(112, 39, 73, 30.00, '2022-08-09 11:26:09', '2022-08-09 11:26:09'),
(113, 39, 227, 27.00, '2022-08-09 11:26:09', '2022-08-09 11:26:09'),
(114, 40, 175, 29.00, '2022-08-09 11:26:09', '2022-08-09 11:26:09'),
(115, 40, 73, 20.00, '2022-08-09 11:26:09', '2022-08-09 11:26:09'),
(116, 40, 227, 29.00, '2022-08-09 11:26:09', '2022-08-09 11:26:09'),
(117, 41, 175, 25.00, '2022-08-09 11:26:10', '2022-08-09 11:26:10'),
(118, 41, 73, 21.00, '2022-08-09 11:26:10', '2022-08-09 11:26:10'),
(119, 41, 227, 24.00, '2022-08-09 11:26:10', '2022-08-09 11:26:10'),
(120, 42, 175, 26.00, '2022-08-09 11:26:10', '2022-08-09 11:26:10'),
(121, 42, 73, 29.00, '2022-08-09 11:26:10', '2022-08-09 11:26:10'),
(122, 42, 227, 29.00, '2022-08-09 11:26:10', '2022-08-09 11:26:10'),
(123, 43, 175, 20.00, '2022-08-09 11:26:11', '2022-08-09 11:26:11'),
(124, 43, 73, 25.00, '2022-08-09 11:26:11', '2022-08-09 11:26:11'),
(125, 43, 227, 30.00, '2022-08-09 11:26:11', '2022-08-09 11:26:11'),
(126, 44, 175, 23.00, '2022-08-09 11:26:11', '2022-08-09 11:26:11'),
(127, 44, 73, 29.00, '2022-08-09 11:26:11', '2022-08-09 11:26:11'),
(128, 44, 227, 22.00, '2022-08-09 11:26:11', '2022-08-09 11:26:11'),
(129, 45, 175, 24.00, '2022-08-09 11:26:12', '2022-08-09 11:26:12'),
(130, 45, 73, 23.00, '2022-08-09 11:26:12', '2022-08-09 11:26:12'),
(131, 45, 227, 30.00, '2022-08-09 11:26:12', '2022-08-09 11:26:12'),
(132, 46, 175, 20.00, '2022-08-09 11:26:12', '2022-08-09 11:26:12'),
(133, 46, 73, 21.00, '2022-08-09 11:26:12', '2022-08-09 11:26:12'),
(134, 46, 227, 22.00, '2022-08-09 11:26:12', '2022-08-09 11:26:12'),
(135, 47, 175, 20.00, '2022-08-09 11:26:13', '2022-08-09 11:26:13'),
(136, 47, 73, 29.00, '2022-08-09 11:26:13', '2022-08-09 11:26:13'),
(137, 47, 227, 29.00, '2022-08-09 11:26:13', '2022-08-09 11:26:13'),
(138, 48, 175, 30.00, '2022-08-09 11:26:13', '2022-08-09 11:26:13'),
(139, 48, 73, 21.00, '2022-08-09 11:26:13', '2022-08-09 11:26:13'),
(140, 48, 227, 28.00, '2022-08-09 11:26:13', '2022-08-09 11:26:13'),
(141, 49, 175, 20.00, '2022-08-09 11:26:14', '2022-08-09 11:26:14'),
(142, 49, 73, 29.00, '2022-08-09 11:26:14', '2022-08-09 11:26:14'),
(143, 49, 227, 22.00, '2022-08-09 11:26:14', '2022-08-09 11:26:14'),
(144, 50, 175, 22.00, '2022-08-09 11:26:14', '2022-08-09 11:26:14'),
(145, 50, 73, 21.00, '2022-08-09 11:26:15', '2022-08-09 11:26:15'),
(146, 50, 227, 23.00, '2022-08-09 11:26:15', '2022-08-09 11:26:15'),
(147, 51, 175, 26.00, '2022-08-09 11:26:15', '2022-08-09 11:26:15'),
(148, 51, 73, 26.00, '2022-08-09 11:26:15', '2022-08-09 11:26:15'),
(149, 51, 227, 23.00, '2022-08-09 11:26:15', '2022-08-09 11:26:15'),
(150, 52, 175, 21.00, '2022-08-09 11:26:16', '2022-08-09 11:26:16'),
(151, 52, 73, 27.00, '2022-08-09 11:26:16', '2022-08-09 11:26:16'),
(152, 52, 227, 29.00, '2022-08-09 11:26:16', '2022-08-09 11:26:16'),
(153, 53, 175, 27.00, '2022-08-09 11:26:16', '2022-08-09 11:26:16'),
(154, 53, 73, 25.00, '2022-08-09 11:26:17', '2022-08-09 11:26:17'),
(155, 53, 227, 27.00, '2022-08-09 11:26:17', '2022-08-09 11:26:17'),
(156, 54, 175, 21.00, '2022-08-09 11:26:17', '2022-08-09 11:26:17'),
(157, 54, 73, 23.00, '2022-08-09 11:26:17', '2022-08-09 11:26:17'),
(158, 54, 227, 26.00, '2022-08-09 11:26:17', '2022-08-09 11:26:17'),
(159, 55, 175, 30.00, '2022-08-09 11:26:17', '2022-08-09 11:26:17'),
(160, 55, 73, 27.00, '2022-08-09 11:26:17', '2022-08-09 11:26:17'),
(161, 55, 227, 24.00, '2022-08-09 11:26:18', '2022-08-09 11:26:18'),
(162, 56, 175, 23.00, '2022-08-09 11:26:18', '2022-08-09 11:26:18'),
(163, 56, 73, 22.00, '2022-08-09 11:26:18', '2022-08-09 11:26:18'),
(164, 56, 227, 25.00, '2022-08-09 11:26:19', '2022-08-09 11:26:19'),
(165, 57, 175, 27.00, '2022-08-09 11:26:19', '2022-08-09 11:26:19'),
(166, 57, 73, 22.00, '2022-08-09 11:26:19', '2022-08-09 11:26:19'),
(167, 57, 227, 28.00, '2022-08-09 11:26:19', '2022-08-09 11:26:19'),
(168, 58, 175, 21.00, '2022-08-09 11:26:19', '2022-08-09 11:26:19'),
(169, 58, 73, 20.00, '2022-08-09 11:26:20', '2022-08-09 11:26:20'),
(170, 58, 227, 27.00, '2022-08-09 11:26:20', '2022-08-09 11:26:20'),
(171, 59, 175, 25.00, '2022-08-09 11:26:20', '2022-08-09 11:26:20'),
(172, 59, 73, 29.00, '2022-08-09 11:26:20', '2022-08-09 11:26:20'),
(173, 59, 227, 29.00, '2022-08-09 11:26:20', '2022-08-09 11:26:20'),
(174, 60, 175, 29.00, '2022-08-09 11:26:20', '2022-08-09 11:26:20'),
(175, 60, 73, 30.00, '2022-08-09 11:26:20', '2022-08-09 11:26:20'),
(176, 60, 227, 26.00, '2022-08-09 11:26:21', '2022-08-09 11:26:21'),
(177, 61, 175, 25.00, '2022-08-09 11:26:21', '2022-08-09 11:26:21'),
(178, 61, 73, 30.00, '2022-08-09 11:26:21', '2022-08-09 11:26:21'),
(179, 61, 227, 24.00, '2022-08-09 11:26:21', '2022-08-09 11:26:21'),
(180, 62, 175, 28.00, '2022-08-09 11:26:21', '2022-08-09 11:26:21'),
(181, 62, 73, 25.00, '2022-08-09 11:26:21', '2022-08-09 11:26:21'),
(182, 62, 227, 27.00, '2022-08-09 11:26:21', '2022-08-09 11:26:21'),
(183, 63, 175, 24.00, '2022-08-09 11:26:22', '2022-08-09 11:26:22'),
(184, 63, 73, 27.00, '2022-08-09 11:26:22', '2022-08-09 11:26:22'),
(185, 63, 227, 23.00, '2022-08-09 11:26:22', '2022-08-09 11:26:22'),
(186, 64, 175, 24.00, '2022-08-09 11:26:22', '2022-08-09 11:26:22'),
(187, 64, 73, 28.00, '2022-08-09 11:26:22', '2022-08-09 11:26:22'),
(188, 64, 227, 28.00, '2022-08-09 11:26:22', '2022-08-09 11:26:22'),
(189, 65, 175, 20.00, '2022-08-09 11:26:22', '2022-08-09 11:26:22'),
(190, 65, 73, 29.00, '2022-08-09 11:26:23', '2022-08-09 11:26:23'),
(191, 65, 227, 26.00, '2022-08-09 11:26:23', '2022-08-09 11:26:23'),
(192, 66, 175, 30.00, '2022-08-09 11:26:23', '2022-08-09 11:26:23'),
(193, 66, 73, 22.00, '2022-08-09 11:26:23', '2022-08-09 11:26:23'),
(194, 66, 227, 27.00, '2022-08-09 11:26:23', '2022-08-09 11:26:23'),
(195, 67, 175, 26.00, '2022-08-09 11:26:23', '2022-08-09 11:26:23'),
(196, 67, 73, 27.00, '2022-08-09 11:26:23', '2022-08-09 11:26:23'),
(197, 67, 227, 23.00, '2022-08-09 11:26:23', '2022-08-09 11:26:23'),
(198, 68, 175, 26.00, '2022-08-09 11:26:24', '2022-08-09 11:26:24'),
(199, 68, 73, 23.00, '2022-08-09 11:26:24', '2022-08-09 11:26:24'),
(200, 68, 227, 30.00, '2022-08-09 11:26:24', '2022-08-09 11:26:24'),
(201, 69, 175, 24.00, '2022-08-09 11:26:24', '2022-08-09 11:26:24'),
(202, 69, 73, 30.00, '2022-08-09 11:26:24', '2022-08-09 11:26:24'),
(203, 69, 227, 29.00, '2022-08-09 11:26:24', '2022-08-09 11:26:24'),
(204, 70, 175, 20.00, '2022-08-09 11:26:24', '2022-08-09 11:26:24'),
(205, 70, 73, 20.00, '2022-08-09 11:26:25', '2022-08-09 11:26:25'),
(206, 70, 227, 28.00, '2022-08-09 11:26:25', '2022-08-09 11:26:25'),
(207, 71, 175, 25.00, '2022-08-09 11:26:25', '2022-08-09 11:26:25'),
(208, 71, 73, 24.00, '2022-08-09 11:26:25', '2022-08-09 11:26:25'),
(209, 71, 227, 21.00, '2022-08-09 11:26:25', '2022-08-09 11:26:25'),
(210, 72, 175, 26.00, '2022-08-09 11:26:25', '2022-08-09 11:26:25'),
(211, 72, 73, 27.00, '2022-08-09 11:26:25', '2022-08-09 11:26:25'),
(212, 72, 227, 26.00, '2022-08-09 11:26:25', '2022-08-09 11:26:25'),
(213, 73, 175, 25.00, '2022-08-09 11:26:26', '2022-08-09 11:26:26'),
(214, 73, 73, 28.00, '2022-08-09 11:26:26', '2022-08-09 11:26:26'),
(215, 73, 227, 20.00, '2022-08-09 11:26:26', '2022-08-09 11:26:26'),
(216, 74, 175, 23.00, '2022-08-09 11:26:26', '2022-08-09 11:26:26'),
(217, 74, 73, 20.00, '2022-08-09 11:26:26', '2022-08-09 11:26:26'),
(218, 74, 227, 25.00, '2022-08-09 11:26:26', '2022-08-09 11:26:26'),
(219, 75, 175, 27.00, '2022-08-09 11:26:26', '2022-08-09 11:26:26'),
(220, 75, 73, 23.00, '2022-08-09 11:26:26', '2022-08-09 11:26:26'),
(221, 75, 227, 24.00, '2022-08-09 11:26:27', '2022-08-09 11:26:27'),
(222, 76, 175, 20.00, '2022-08-09 11:26:27', '2022-08-09 11:26:27'),
(223, 76, 73, 27.00, '2022-08-09 11:26:27', '2022-08-09 11:26:27'),
(224, 76, 227, 30.00, '2022-08-09 11:26:27', '2022-08-09 11:26:27'),
(225, 77, 175, 30.00, '2022-08-09 11:26:27', '2022-08-09 11:26:27'),
(226, 77, 73, 28.00, '2022-08-09 11:26:27', '2022-08-09 11:26:27'),
(227, 77, 227, 29.00, '2022-08-09 11:26:27', '2022-08-09 11:26:27'),
(228, 78, 175, 28.00, '2022-08-09 11:26:27', '2022-08-09 11:26:27'),
(229, 78, 73, 29.00, '2022-08-09 11:26:28', '2022-08-09 11:26:28'),
(230, 78, 227, 26.00, '2022-08-09 11:26:28', '2022-08-09 11:26:28'),
(231, 79, 175, 28.00, '2022-08-09 11:26:28', '2022-08-09 11:26:28'),
(232, 79, 73, 23.00, '2022-08-09 11:26:28', '2022-08-09 11:26:28'),
(233, 79, 227, 27.00, '2022-08-09 11:26:28', '2022-08-09 11:26:28'),
(234, 80, 175, 24.00, '2022-08-09 11:26:28', '2022-08-09 11:26:28'),
(235, 80, 73, 26.00, '2022-08-09 11:26:28', '2022-08-09 11:26:28'),
(236, 80, 227, 22.00, '2022-08-09 11:26:28', '2022-08-09 11:26:28'),
(237, 81, 175, 26.00, '2022-08-09 11:26:28', '2022-08-09 11:26:28'),
(238, 81, 73, 29.00, '2022-08-09 11:26:28', '2022-08-09 11:26:28'),
(239, 81, 227, 28.00, '2022-08-09 11:26:29', '2022-08-09 11:26:29'),
(240, 82, 175, 23.00, '2022-08-09 11:26:29', '2022-08-09 11:26:29'),
(241, 82, 73, 21.00, '2022-08-09 11:26:29', '2022-08-09 11:26:29'),
(242, 82, 227, 27.00, '2022-08-09 11:26:29', '2022-08-09 11:26:29'),
(243, 83, 175, 30.00, '2022-08-09 11:26:29', '2022-08-09 11:26:29'),
(244, 83, 73, 26.00, '2022-08-09 11:26:29', '2022-08-09 11:26:29'),
(245, 83, 227, 23.00, '2022-08-09 11:26:29', '2022-08-09 11:26:29'),
(246, 84, 175, 30.00, '2022-08-09 11:26:30', '2022-08-09 11:26:30'),
(247, 84, 73, 23.00, '2022-08-09 11:26:30', '2022-08-09 11:26:30'),
(248, 84, 227, 25.00, '2022-08-09 11:26:30', '2022-08-09 11:26:30'),
(249, 85, 175, 29.00, '2022-08-09 11:26:30', '2022-08-09 11:26:30'),
(250, 85, 73, 20.00, '2022-08-09 11:26:30', '2022-08-09 11:26:30'),
(251, 85, 227, 24.00, '2022-08-09 11:26:30', '2022-08-09 11:26:30'),
(252, 86, 175, 20.00, '2022-08-09 11:26:30', '2022-08-09 11:26:30'),
(253, 86, 73, 21.00, '2022-08-09 11:26:30', '2022-08-09 11:26:30'),
(254, 86, 227, 23.00, '2022-08-09 11:26:30', '2022-08-09 11:26:30'),
(255, 87, 175, 20.00, '2022-08-09 11:26:31', '2022-08-09 11:26:31'),
(256, 87, 73, 24.00, '2022-08-09 11:26:31', '2022-08-09 11:26:31'),
(257, 87, 227, 20.00, '2022-08-09 11:26:31', '2022-08-09 11:26:31'),
(258, 88, 175, 25.00, '2022-08-09 11:26:31', '2022-08-09 11:26:31'),
(259, 88, 73, 20.00, '2022-08-09 11:26:31', '2022-08-09 11:26:31'),
(260, 88, 227, 28.00, '2022-08-09 11:26:31', '2022-08-09 11:26:31'),
(261, 89, 175, 29.00, '2022-08-09 11:26:31', '2022-08-09 11:26:31'),
(262, 89, 73, 30.00, '2022-08-09 11:26:31', '2022-08-09 11:26:31'),
(263, 89, 227, 24.00, '2022-08-09 11:26:31', '2022-08-09 11:26:31'),
(264, 90, 175, 24.00, '2022-08-09 11:26:32', '2022-08-09 11:26:32'),
(265, 90, 73, 23.00, '2022-08-09 11:26:32', '2022-08-09 11:26:32'),
(266, 90, 227, 28.00, '2022-08-09 11:26:32', '2022-08-09 11:26:32'),
(267, 91, 175, 28.00, '2022-08-09 11:26:32', '2022-08-09 11:26:32'),
(268, 91, 73, 26.00, '2022-08-09 11:26:33', '2022-08-09 11:26:33'),
(269, 91, 227, 28.00, '2022-08-09 11:26:33', '2022-08-09 11:26:33'),
(270, 92, 175, 22.00, '2022-08-09 11:26:33', '2022-08-09 11:26:33'),
(271, 92, 73, 28.00, '2022-08-09 11:26:33', '2022-08-09 11:26:33'),
(272, 92, 227, 27.00, '2022-08-09 11:26:33', '2022-08-09 11:26:33'),
(273, 93, 175, 24.00, '2022-08-09 11:26:34', '2022-08-09 11:26:34'),
(274, 93, 73, 27.00, '2022-08-09 11:26:34', '2022-08-09 11:26:34'),
(275, 93, 227, 25.00, '2022-08-09 11:26:34', '2022-08-09 11:26:34'),
(276, 94, 175, 20.00, '2022-08-09 11:26:34', '2022-08-09 11:26:34'),
(277, 94, 73, 30.00, '2022-08-09 11:26:34', '2022-08-09 11:26:34'),
(278, 94, 227, 24.00, '2022-08-09 11:26:35', '2022-08-09 11:26:35'),
(279, 95, 175, 23.00, '2022-08-09 11:26:35', '2022-08-09 11:26:35'),
(280, 95, 73, 22.00, '2022-08-09 11:26:35', '2022-08-09 11:26:35'),
(281, 95, 227, 28.00, '2022-08-09 11:26:35', '2022-08-09 11:26:35'),
(282, 96, 175, 27.00, '2022-08-09 11:26:35', '2022-08-09 11:26:35'),
(283, 96, 73, 28.00, '2022-08-09 11:26:35', '2022-08-09 11:26:35'),
(284, 96, 227, 29.00, '2022-08-09 11:26:36', '2022-08-09 11:26:36'),
(285, 97, 175, 20.00, '2022-08-09 11:26:36', '2022-08-09 11:26:36'),
(286, 97, 73, 25.00, '2022-08-09 11:26:36', '2022-08-09 11:26:36'),
(287, 97, 227, 24.00, '2022-08-09 11:26:36', '2022-08-09 11:26:36'),
(288, 98, 175, 26.00, '2022-08-09 11:26:36', '2022-08-09 11:26:36'),
(289, 98, 73, 23.00, '2022-08-09 11:26:37', '2022-08-09 11:26:37'),
(290, 98, 227, 23.00, '2022-08-09 11:26:37', '2022-08-09 11:26:37'),
(291, 99, 175, 23.00, '2022-08-09 11:26:37', '2022-08-09 11:26:37'),
(292, 99, 73, 29.00, '2022-08-09 11:26:37', '2022-08-09 11:26:37'),
(293, 99, 227, 29.00, '2022-08-09 11:26:37', '2022-08-09 11:26:37'),
(294, 100, 175, 26.00, '2022-08-09 11:26:37', '2022-08-09 11:26:37'),
(295, 100, 73, 20.00, '2022-08-09 11:26:38', '2022-08-09 11:26:38'),
(296, 100, 227, 24.00, '2022-08-09 11:26:38', '2022-08-09 11:26:38'),
(297, 101, 175, 25.00, '2022-08-09 11:26:38', '2022-08-09 11:26:38'),
(298, 101, 73, 20.00, '2022-08-09 11:26:38', '2022-08-09 11:26:38'),
(299, 101, 227, 26.00, '2022-08-09 11:26:38', '2022-08-09 11:26:38'),
(300, 102, 175, 28.00, '2022-08-09 11:26:39', '2022-08-09 11:26:39'),
(301, 102, 73, 26.00, '2022-08-09 11:26:39', '2022-08-09 11:26:39'),
(302, 102, 227, 22.00, '2022-08-09 11:26:39', '2022-08-09 11:26:39'),
(303, 103, 175, 25.00, '2022-08-09 11:26:39', '2022-08-09 11:26:39'),
(304, 103, 73, 26.00, '2022-08-09 11:26:40', '2022-08-09 11:26:40'),
(305, 104, 175, 20.00, '2022-08-09 11:26:40', '2022-08-09 11:26:40'),
(306, 104, 73, 22.00, '2022-08-09 11:26:40', '2022-08-09 11:26:40'),
(307, 105, 175, 30.00, '2022-08-09 11:26:40', '2022-08-09 11:26:40'),
(308, 105, 73, 24.00, '2022-08-09 11:26:41', '2022-08-09 11:26:41'),
(309, 106, 175, 20.00, '2022-08-09 11:26:41', '2022-08-09 11:26:41'),
(310, 106, 73, 26.00, '2022-08-09 11:26:41', '2022-08-09 11:26:41'),
(311, 107, 175, 21.00, '2022-08-09 11:26:41', '2022-08-09 11:26:41'),
(312, 107, 73, 30.00, '2022-08-09 11:26:41', '2022-08-09 11:26:41'),
(313, 108, 175, 23.00, '2022-08-09 11:26:42', '2022-08-09 11:26:42'),
(314, 108, 73, 27.00, '2022-08-09 11:26:42', '2022-08-09 11:26:42'),
(315, 109, 175, 21.00, '2022-08-09 11:26:42', '2022-08-09 11:26:42'),
(316, 109, 73, 21.00, '2022-08-09 11:26:42', '2022-08-09 11:26:42'),
(317, 110, 175, 23.00, '2022-08-09 11:26:42', '2022-08-09 11:26:42'),
(318, 110, 73, 23.00, '2022-08-09 11:26:42', '2022-08-09 11:26:42'),
(319, 111, 175, 22.00, '2022-08-09 11:26:43', '2022-08-09 11:26:43'),
(320, 111, 73, 22.00, '2022-08-09 11:26:43', '2022-08-09 11:26:43'),
(321, 112, 175, 27.00, '2022-08-09 11:26:43', '2022-08-09 11:26:43'),
(322, 112, 73, 24.00, '2022-08-09 11:26:43', '2022-08-09 11:26:43'),
(323, 113, 175, 28.00, '2022-08-09 11:26:44', '2022-08-09 11:26:44'),
(324, 113, 73, 23.00, '2022-08-09 11:26:44', '2022-08-09 11:26:44'),
(325, 114, 175, 25.00, '2022-08-09 11:26:44', '2022-08-09 11:26:44'),
(326, 114, 73, 23.00, '2022-08-09 11:26:44', '2022-08-09 11:26:44'),
(327, 115, 175, 27.00, '2022-08-09 11:26:44', '2022-08-09 11:26:44'),
(328, 115, 73, 22.00, '2022-08-09 11:26:45', '2022-08-09 11:26:45'),
(329, 116, 175, 26.00, '2022-08-09 11:26:45', '2022-08-09 11:26:45'),
(330, 116, 73, 21.00, '2022-08-09 11:26:45', '2022-08-09 11:26:45'),
(331, 117, 175, 28.00, '2022-08-09 11:26:45', '2022-08-09 11:26:45'),
(332, 117, 73, 29.00, '2022-08-09 11:26:45', '2022-08-09 11:26:45'),
(333, 118, 175, 26.00, '2022-08-09 11:26:45', '2022-08-09 11:26:45'),
(334, 118, 73, 29.00, '2022-08-09 11:26:46', '2022-08-09 11:26:46'),
(335, 119, 175, 23.00, '2022-08-09 11:26:46', '2022-08-09 11:26:46'),
(336, 119, 73, 25.00, '2022-08-09 11:26:46', '2022-08-09 11:26:46'),
(337, 120, 175, 23.00, '2022-08-09 11:26:46', '2022-08-09 11:26:46'),
(338, 120, 73, 26.00, '2022-08-09 11:26:46', '2022-08-09 11:26:46'),
(339, 121, 175, 20.00, '2022-08-09 11:26:47', '2022-08-09 11:26:47'),
(340, 121, 73, 28.00, '2022-08-09 11:26:47', '2022-08-09 11:26:47'),
(341, 122, 175, 25.00, '2022-08-09 11:26:47', '2022-08-09 11:26:47'),
(342, 122, 73, 23.00, '2022-08-09 11:26:47', '2022-08-09 11:26:47'),
(343, 123, 175, 29.00, '2022-08-09 11:26:47', '2022-08-09 11:26:47'),
(344, 123, 73, 28.00, '2022-08-09 11:26:48', '2022-08-09 11:26:48'),
(345, 124, 175, 25.00, '2022-08-09 11:26:48', '2022-08-09 11:26:48'),
(346, 124, 73, 25.00, '2022-08-09 11:26:48', '2022-08-09 11:26:48'),
(347, 125, 175, 26.00, '2022-08-09 11:26:48', '2022-08-09 11:26:48'),
(348, 125, 73, 27.00, '2022-08-09 11:26:48', '2022-08-09 11:26:48'),
(349, 126, 175, 30.00, '2022-08-09 11:26:48', '2022-08-09 11:26:48'),
(350, 126, 73, 28.00, '2022-08-09 11:26:49', '2022-08-09 11:26:49'),
(351, 127, 175, 24.00, '2022-08-09 11:26:49', '2022-08-09 11:26:49'),
(352, 127, 73, 21.00, '2022-08-09 11:26:49', '2022-08-09 11:26:49'),
(353, 128, 175, 27.00, '2022-08-09 11:26:49', '2022-08-09 11:26:49'),
(354, 128, 73, 21.00, '2022-08-09 11:26:49', '2022-08-09 11:26:49'),
(355, 129, 175, 28.00, '2022-08-09 11:26:50', '2022-08-09 11:26:50'),
(356, 129, 73, 26.00, '2022-08-09 11:26:50', '2022-08-09 11:26:50'),
(357, 130, 175, 29.00, '2022-08-09 11:26:50', '2022-08-09 11:26:50'),
(358, 130, 73, 22.00, '2022-08-09 11:26:50', '2022-08-09 11:26:50'),
(359, 131, 175, 23.00, '2022-08-09 11:26:50', '2022-08-09 11:26:50'),
(360, 131, 73, 27.00, '2022-08-09 11:26:51', '2022-08-09 11:26:51'),
(361, 132, 175, 22.00, '2022-08-09 11:26:51', '2022-08-09 11:26:51'),
(362, 132, 73, 21.00, '2022-08-09 11:26:51', '2022-08-09 11:26:51'),
(363, 133, 175, 29.00, '2022-08-09 11:26:51', '2022-08-09 11:26:51'),
(364, 133, 73, 25.00, '2022-08-09 11:26:52', '2022-08-09 11:26:52'),
(365, 134, 175, 28.00, '2022-08-09 11:26:52', '2022-08-09 11:26:52'),
(366, 134, 73, 23.00, '2022-08-09 11:26:52', '2022-08-09 11:26:52'),
(367, 135, 175, 20.00, '2022-08-09 11:26:52', '2022-08-09 11:26:52'),
(368, 135, 73, 22.00, '2022-08-09 11:26:53', '2022-08-09 11:26:53'),
(369, 136, 175, 29.00, '2022-08-09 11:26:53', '2022-08-09 11:26:53'),
(370, 136, 73, 26.00, '2022-08-09 11:26:53', '2022-08-09 11:26:53'),
(371, 137, 175, 26.00, '2022-08-09 11:26:53', '2022-08-09 11:26:53'),
(372, 137, 73, 21.00, '2022-08-09 11:26:54', '2022-08-09 11:26:54'),
(373, 138, 175, 30.00, '2022-08-09 11:26:54', '2022-08-09 11:26:54'),
(374, 138, 73, 23.00, '2022-08-09 11:26:54', '2022-08-09 11:26:54'),
(375, 139, 175, 20.00, '2022-08-09 11:26:54', '2022-08-09 11:26:54'),
(376, 139, 73, 26.00, '2022-08-09 11:26:54', '2022-08-09 11:26:54'),
(377, 140, 175, 22.00, '2022-08-09 11:26:55', '2022-08-09 11:26:55'),
(378, 140, 73, 27.00, '2022-08-09 11:26:55', '2022-08-09 11:26:55'),
(379, 141, 175, 28.00, '2022-08-09 11:26:55', '2022-08-09 11:26:55'),
(380, 141, 73, 22.00, '2022-08-09 11:26:55', '2022-08-09 11:26:55'),
(381, 142, 175, 24.00, '2022-08-09 11:26:56', '2022-08-09 11:26:56'),
(382, 142, 73, 22.00, '2022-08-09 11:26:56', '2022-08-09 11:26:56'),
(383, 143, 175, 20.00, '2022-08-09 11:26:56', '2022-08-09 11:26:56'),
(384, 143, 73, 29.00, '2022-08-09 11:26:56', '2022-08-09 11:26:56'),
(385, 144, 175, 26.00, '2022-08-09 11:26:56', '2022-08-09 11:26:56'),
(386, 144, 73, 21.00, '2022-08-09 11:26:57', '2022-08-09 11:26:57'),
(387, 145, 175, 25.00, '2022-08-09 11:26:57', '2022-08-09 11:26:57'),
(388, 145, 73, 25.00, '2022-08-09 11:26:57', '2022-08-09 11:26:57'),
(389, 146, 175, 28.00, '2022-08-09 11:26:57', '2022-08-09 11:26:57'),
(390, 146, 73, 20.00, '2022-08-09 11:26:57', '2022-08-09 11:26:57'),
(391, 147, 175, 22.00, '2022-08-09 11:26:58', '2022-08-09 11:26:58'),
(392, 147, 73, 20.00, '2022-08-09 11:26:58', '2022-08-09 11:26:58'),
(393, 148, 175, 30.00, '2022-08-09 11:26:58', '2022-08-09 11:26:58'),
(394, 148, 73, 24.00, '2022-08-09 11:26:58', '2022-08-09 11:26:58'),
(395, 149, 175, 23.00, '2022-08-09 11:26:58', '2022-08-09 11:26:58'),
(396, 149, 73, 30.00, '2022-08-09 11:26:59', '2022-08-09 11:26:59'),
(397, 150, 175, 28.00, '2022-08-09 11:26:59', '2022-08-09 11:26:59'),
(398, 150, 73, 27.00, '2022-08-09 11:26:59', '2022-08-09 11:26:59'),
(399, 151, 175, 22.00, '2022-08-09 11:26:59', '2022-08-09 11:26:59'),
(400, 151, 73, 29.00, '2022-08-09 11:26:59', '2022-08-09 11:26:59'),
(401, 152, 175, 28.00, '2022-08-09 11:27:00', '2022-08-09 11:27:00'),
(402, 152, 73, 21.00, '2022-08-09 11:27:00', '2022-08-09 11:27:00'),
(403, 153, 175, 25.00, '2022-08-09 11:27:00', '2022-08-09 11:27:00'),
(404, 153, 73, 24.00, '2022-08-09 11:27:00', '2022-08-09 11:27:00'),
(405, 154, 175, 26.00, '2022-08-09 11:27:01', '2022-08-09 11:27:01'),
(406, 154, 73, 25.00, '2022-08-09 11:27:01', '2022-08-09 11:27:01'),
(407, 155, 175, 25.00, '2022-08-09 11:27:01', '2022-08-09 11:27:01'),
(408, 155, 73, 25.00, '2022-08-09 11:27:01', '2022-08-09 11:27:01'),
(409, 156, 175, 29.00, '2022-08-09 11:27:01', '2022-08-09 11:27:01'),
(410, 156, 73, 25.00, '2022-08-09 11:27:01', '2022-08-09 11:27:01'),
(411, 157, 175, 25.00, '2022-08-09 11:27:01', '2022-08-09 11:27:01'),
(412, 157, 73, 24.00, '2022-08-09 11:27:02', '2022-08-09 11:27:02'),
(413, 158, 175, 20.00, '2022-08-09 11:27:02', '2022-08-09 11:27:02'),
(414, 158, 73, 21.00, '2022-08-09 11:27:02', '2022-08-09 11:27:02'),
(415, 159, 175, 24.00, '2022-08-09 11:27:02', '2022-08-09 11:27:02'),
(416, 159, 73, 29.00, '2022-08-09 11:27:02', '2022-08-09 11:27:02'),
(417, 160, 175, 29.00, '2022-08-09 11:27:03', '2022-08-09 11:27:03'),
(418, 160, 73, 27.00, '2022-08-09 11:27:03', '2022-08-09 11:27:03'),
(419, 161, 175, 29.00, '2022-08-09 11:27:03', '2022-08-09 11:27:03'),
(420, 161, 73, 21.00, '2022-08-09 11:27:03', '2022-08-09 11:27:03'),
(421, 162, 175, 23.00, '2022-08-09 11:27:04', '2022-08-09 11:27:04'),
(422, 162, 73, 22.00, '2022-08-09 11:27:04', '2022-08-09 11:27:04'),
(423, 163, 175, 23.00, '2022-08-09 11:27:04', '2022-08-09 11:27:04'),
(424, 163, 73, 28.00, '2022-08-09 11:27:04', '2022-08-09 11:27:04'),
(425, 164, 175, 29.00, '2022-08-09 11:27:04', '2022-08-09 11:27:04'),
(426, 164, 73, 30.00, '2022-08-09 11:27:05', '2022-08-09 11:27:05'),
(427, 165, 175, 26.00, '2022-08-09 11:27:05', '2022-08-09 11:27:05'),
(428, 165, 73, 26.00, '2022-08-09 11:27:05', '2022-08-09 11:27:05'),
(429, 166, 175, 25.00, '2022-08-09 11:27:05', '2022-08-09 11:27:05'),
(430, 166, 73, 25.00, '2022-08-09 11:27:06', '2022-08-09 11:27:06'),
(431, 167, 175, 29.00, '2022-08-09 11:27:06', '2022-08-09 11:27:06'),
(432, 167, 73, 27.00, '2022-08-09 11:27:06', '2022-08-09 11:27:06'),
(433, 168, 175, 25.00, '2022-08-09 11:27:06', '2022-08-09 11:27:06'),
(434, 168, 73, 20.00, '2022-08-09 11:27:06', '2022-08-09 11:27:06'),
(435, 169, 175, 20.00, '2022-08-09 11:27:07', '2022-08-09 11:27:07'),
(436, 169, 73, 24.00, '2022-08-09 11:27:07', '2022-08-09 11:27:07'),
(437, 170, 175, 29.00, '2022-08-09 11:27:07', '2022-08-09 11:27:07'),
(438, 170, 73, 27.00, '2022-08-09 11:27:07', '2022-08-09 11:27:07'),
(439, 171, 175, 27.00, '2022-08-09 11:27:07', '2022-08-09 11:27:07'),
(440, 171, 73, 29.00, '2022-08-09 11:27:08', '2022-08-09 11:27:08'),
(441, 172, 175, 20.00, '2022-08-09 11:27:08', '2022-08-09 11:27:08'),
(442, 172, 73, 27.00, '2022-08-09 11:27:08', '2022-08-09 11:27:08'),
(443, 173, 175, 24.00, '2022-08-09 11:27:08', '2022-08-09 11:27:08'),
(444, 173, 73, 25.00, '2022-08-09 11:27:09', '2022-08-09 11:27:09'),
(445, 174, 175, 22.00, '2022-08-09 11:27:09', '2022-08-09 11:27:09'),
(446, 174, 73, 24.00, '2022-08-09 11:27:09', '2022-08-09 11:27:09'),
(447, 175, 175, 25.00, '2022-08-09 11:27:09', '2022-08-09 11:27:09'),
(448, 175, 73, 30.00, '2022-08-09 11:27:09', '2022-08-09 11:27:09'),
(449, 176, 175, 20.00, '2022-08-09 11:27:09', '2022-08-09 11:27:09'),
(450, 176, 73, 26.00, '2022-08-09 11:27:10', '2022-08-09 11:27:10'),
(451, 177, 175, 26.00, '2022-08-09 11:27:10', '2022-08-09 11:27:10'),
(452, 177, 73, 24.00, '2022-08-09 11:27:10', '2022-08-09 11:27:10'),
(453, 178, 175, 20.00, '2022-08-09 11:27:10', '2022-08-09 11:27:10'),
(454, 178, 73, 20.00, '2022-08-09 11:27:10', '2022-08-09 11:27:10'),
(455, 179, 175, 26.00, '2022-08-09 11:27:11', '2022-08-09 11:27:11'),
(456, 179, 73, 23.00, '2022-08-09 11:27:11', '2022-08-09 11:27:11'),
(457, 180, 175, 24.00, '2022-08-09 11:27:11', '2022-08-09 11:27:11'),
(458, 180, 73, 21.00, '2022-08-09 11:27:11', '2022-08-09 11:27:11'),
(459, 181, 175, 21.00, '2022-08-09 11:27:12', '2022-08-09 11:27:12'),
(460, 181, 73, 23.00, '2022-08-09 11:27:12', '2022-08-09 11:27:12'),
(461, 182, 175, 22.00, '2022-08-09 11:27:12', '2022-08-09 11:27:12'),
(462, 182, 73, 26.00, '2022-08-09 11:27:12', '2022-08-09 11:27:12'),
(463, 183, 175, 21.00, '2022-08-09 11:27:12', '2022-08-09 11:27:12'),
(464, 183, 73, 25.00, '2022-08-09 11:27:13', '2022-08-09 11:27:13'),
(465, 184, 175, 20.00, '2022-08-09 11:27:13', '2022-08-09 11:27:13'),
(466, 184, 73, 20.00, '2022-08-09 11:27:13', '2022-08-09 11:27:13'),
(467, 185, 175, 21.00, '2022-08-09 11:27:13', '2022-08-09 11:27:13'),
(468, 185, 73, 21.00, '2022-08-09 11:27:13', '2022-08-09 11:27:13'),
(469, 186, 175, 27.00, '2022-08-09 11:27:13', '2022-08-09 11:27:13'),
(470, 186, 73, 24.00, '2022-08-09 11:27:14', '2022-08-09 11:27:14'),
(471, 187, 175, 29.00, '2022-08-09 11:27:14', '2022-08-09 11:27:14'),
(472, 187, 73, 23.00, '2022-08-09 11:27:14', '2022-08-09 11:27:14'),
(473, 188, 175, 29.00, '2022-08-09 11:27:14', '2022-08-09 11:27:14'),
(474, 188, 73, 23.00, '2022-08-09 11:27:14', '2022-08-09 11:27:14'),
(475, 189, 175, 21.00, '2022-08-09 11:27:15', '2022-08-09 11:27:15'),
(476, 189, 73, 21.00, '2022-08-09 11:27:15', '2022-08-09 11:27:15'),
(477, 190, 175, 30.00, '2022-08-09 11:27:15', '2022-08-09 11:27:15'),
(478, 190, 73, 22.00, '2022-08-09 11:27:15', '2022-08-09 11:27:15'),
(479, 191, 175, 30.00, '2022-08-09 11:27:15', '2022-08-09 11:27:15'),
(480, 191, 73, 29.00, '2022-08-09 11:27:15', '2022-08-09 11:27:15'),
(481, 192, 175, 20.00, '2022-08-09 11:27:16', '2022-08-09 11:27:16'),
(482, 192, 73, 23.00, '2022-08-09 11:27:16', '2022-08-09 11:27:16'),
(483, 193, 175, 21.00, '2022-08-09 11:27:16', '2022-08-09 11:27:16'),
(484, 193, 73, 21.00, '2022-08-09 11:27:16', '2022-08-09 11:27:16'),
(485, 194, 175, 27.00, '2022-08-09 11:27:17', '2022-08-09 11:27:17'),
(486, 194, 73, 30.00, '2022-08-09 11:27:17', '2022-08-09 11:27:17'),
(487, 195, 175, 26.00, '2022-08-09 11:27:17', '2022-08-09 11:27:17'),
(488, 195, 73, 30.00, '2022-08-09 11:27:17', '2022-08-09 11:27:17'),
(489, 196, 175, 28.00, '2022-08-09 11:27:17', '2022-08-09 11:27:17'),
(490, 196, 73, 23.00, '2022-08-09 11:27:17', '2022-08-09 11:27:17'),
(491, 197, 175, 22.00, '2022-08-09 11:27:18', '2022-08-09 11:27:18'),
(492, 197, 73, 21.00, '2022-08-09 11:27:18', '2022-08-09 11:27:18'),
(493, 198, 175, 21.00, '2022-08-09 11:27:18', '2022-08-09 11:27:18'),
(494, 198, 73, 23.00, '2022-08-09 11:27:18', '2022-08-09 11:27:18'),
(495, 199, 175, 21.00, '2022-08-09 11:27:19', '2022-08-09 11:27:19'),
(496, 199, 73, 30.00, '2022-08-09 11:27:19', '2022-08-09 11:27:19'),
(497, 200, 175, 30.00, '2022-08-09 11:27:19', '2022-08-09 11:27:19'),
(498, 200, 73, 20.00, '2022-08-09 11:27:19', '2022-08-09 11:27:19'),
(499, 201, 175, 29.00, '2022-08-09 11:27:19', '2022-08-09 11:27:19'),
(500, 201, 73, 29.00, '2022-08-09 11:27:19', '2022-08-09 11:27:19'),
(501, 202, 175, 30.00, '2022-08-09 11:27:20', '2022-08-09 11:27:20'),
(502, 202, 73, 28.00, '2022-08-09 11:27:20', '2022-08-09 11:27:20'),
(503, 203, 73, 28.00, '2022-08-09 11:27:20', '2022-08-09 11:27:20'),
(504, 204, 73, 25.00, '2022-08-09 11:27:20', '2022-08-09 11:27:20'),
(505, 205, 73, 24.00, '2022-08-09 11:27:21', '2022-08-09 11:27:21'),
(506, 206, 73, 28.00, '2022-08-09 11:27:21', '2022-08-09 11:27:21'),
(507, 207, 73, 29.00, '2022-08-09 11:27:21', '2022-08-09 11:27:21'),
(508, 208, 73, 25.00, '2022-08-09 11:27:21', '2022-08-09 11:27:21'),
(509, 209, 73, 28.00, '2022-08-09 11:27:22', '2022-08-09 11:27:22'),
(510, 210, 73, 24.00, '2022-08-09 11:27:22', '2022-08-09 11:27:22'),
(511, 211, 73, 26.00, '2022-08-09 11:27:22', '2022-08-09 11:27:22'),
(512, 212, 73, 20.00, '2022-08-09 11:27:22', '2022-08-09 11:27:22'),
(513, 213, 73, 24.00, '2022-08-09 11:27:23', '2022-08-09 11:27:23'),
(514, 214, 73, 21.00, '2022-08-09 11:27:23', '2022-08-09 11:27:23'),
(515, 215, 73, 25.00, '2022-08-09 11:27:23', '2022-08-09 11:27:23'),
(516, 216, 73, 25.00, '2022-08-09 11:27:23', '2022-08-09 11:27:23'),
(517, 217, 73, 22.00, '2022-08-09 11:27:24', '2022-08-09 11:27:24'),
(518, 218, 73, 24.00, '2022-08-09 11:27:24', '2022-08-09 11:27:24'),
(519, 219, 73, 22.00, '2022-08-09 11:27:24', '2022-08-09 11:27:24'),
(520, 220, 73, 28.00, '2022-08-09 11:27:25', '2022-08-09 11:27:25'),
(521, 221, 73, 29.00, '2022-08-09 11:27:25', '2022-08-09 11:27:25'),
(522, 222, 73, 24.00, '2022-08-09 11:27:25', '2022-08-09 11:27:25'),
(523, 223, 73, 26.00, '2022-08-09 11:27:25', '2022-08-09 11:27:25'),
(524, 224, 73, 28.00, '2022-08-09 11:27:25', '2022-08-09 11:27:25'),
(525, 225, 73, 30.00, '2022-08-09 11:27:26', '2022-08-09 11:27:26'),
(526, 226, 73, 30.00, '2022-08-09 11:27:26', '2022-08-09 11:27:26'),
(527, 227, 73, 24.00, '2022-08-09 11:27:26', '2022-08-09 11:27:26'),
(528, 228, 73, 23.00, '2022-08-09 11:27:26', '2022-08-09 11:27:26'),
(529, 229, 73, 26.00, '2022-08-09 11:27:27', '2022-08-09 11:27:27'),
(530, 230, 73, 28.00, '2022-08-09 11:27:27', '2022-08-09 11:27:27'),
(531, 231, 73, 21.00, '2022-08-09 11:27:27', '2022-08-09 11:27:27'),
(532, 232, 73, 22.00, '2022-08-09 11:27:27', '2022-08-09 11:27:27'),
(533, 233, 73, 22.00, '2022-08-09 11:27:27', '2022-08-09 11:27:27'),
(534, 234, 73, 29.00, '2022-08-09 11:27:28', '2022-08-09 11:27:28'),
(535, 235, 73, 26.00, '2022-08-09 11:27:28', '2022-08-09 11:27:28'),
(536, 236, 73, 23.00, '2022-08-09 11:27:28', '2022-08-09 11:27:28'),
(537, 237, 73, 28.00, '2022-08-09 11:27:29', '2022-08-09 11:27:29'),
(538, 238, 73, 24.00, '2022-08-09 11:27:29', '2022-08-09 11:27:29'),
(539, 239, 73, 25.00, '2022-08-09 11:27:29', '2022-08-09 11:27:29'),
(540, 240, 73, 20.00, '2022-08-09 11:27:29', '2022-08-09 11:27:29'),
(541, 241, 73, 22.00, '2022-08-09 11:27:30', '2022-08-09 11:27:30'),
(542, 242, 73, 20.00, '2022-08-09 11:27:30', '2022-08-09 11:27:30'),
(543, 243, 73, 30.00, '2022-08-09 11:27:30', '2022-08-09 11:27:30'),
(544, 244, 73, 20.00, '2022-08-09 11:27:31', '2022-08-09 11:27:31'),
(545, 245, 73, 24.00, '2022-08-09 11:27:31', '2022-08-09 11:27:31'),
(546, 246, 73, 20.00, '2022-08-09 11:27:31', '2022-08-09 11:27:31'),
(547, 247, 73, 23.00, '2022-08-09 11:27:32', '2022-08-09 11:27:32'),
(548, 248, 73, 23.00, '2022-08-09 11:27:32', '2022-08-09 11:27:32'),
(549, 249, 73, 30.00, '2022-08-09 11:27:32', '2022-08-09 11:27:32'),
(550, 250, 73, 26.00, '2022-08-09 11:27:33', '2022-08-09 11:27:33'),
(551, 251, 73, 20.00, '2022-08-09 11:27:33', '2022-08-09 11:27:33'),
(552, 252, 73, 25.00, '2022-08-09 11:27:33', '2022-08-09 11:27:33'),
(553, 253, 73, 25.00, '2022-08-09 11:27:34', '2022-08-09 11:27:34'),
(554, 254, 73, 27.00, '2022-08-09 11:27:34', '2022-08-09 11:27:34'),
(555, 255, 73, 21.00, '2022-08-09 11:27:35', '2022-08-09 11:27:35'),
(556, 256, 73, 28.00, '2022-08-09 11:27:35', '2022-08-09 11:27:35'),
(557, 257, 73, 28.00, '2022-08-09 11:27:35', '2022-08-09 11:27:35'),
(558, 258, 73, 24.00, '2022-08-09 11:27:36', '2022-08-09 11:27:36'),
(559, 259, 73, 22.00, '2022-08-09 11:27:36', '2022-08-09 11:27:36'),
(560, 260, 73, 20.00, '2022-08-09 11:27:36', '2022-08-09 11:27:36'),
(561, 261, 73, 30.00, '2022-08-09 11:27:36', '2022-08-09 11:27:36'),
(562, 262, 73, 25.00, '2022-08-09 11:27:37', '2022-08-09 11:27:37'),
(563, 263, 73, 24.00, '2022-08-09 11:27:37', '2022-08-09 11:27:37'),
(564, 264, 73, 30.00, '2022-08-09 11:27:37', '2022-08-09 11:27:37'),
(565, 265, 73, 25.00, '2022-08-09 11:27:38', '2022-08-09 11:27:38'),
(566, 266, 73, 23.00, '2022-08-09 11:27:38', '2022-08-09 11:27:38'),
(567, 267, 73, 24.00, '2022-08-09 11:27:38', '2022-08-09 11:27:38'),
(568, 268, 73, 24.00, '2022-08-09 11:27:38', '2022-08-09 11:27:38'),
(569, 269, 73, 21.00, '2022-08-09 11:27:39', '2022-08-09 11:27:39'),
(570, 270, 73, 25.00, '2022-08-09 11:27:39', '2022-08-09 11:27:39'),
(571, 271, 73, 28.00, '2022-08-09 11:27:39', '2022-08-09 11:27:39'),
(572, 272, 73, 27.00, '2022-08-09 11:27:39', '2022-08-09 11:27:39'),
(573, 273, 73, 22.00, '2022-08-09 11:27:40', '2022-08-09 11:27:40'),
(574, 274, 73, 22.00, '2022-08-09 11:27:40', '2022-08-09 11:27:40'),
(575, 275, 73, 25.00, '2022-08-09 11:27:40', '2022-08-09 11:27:40'),
(576, 276, 73, 30.00, '2022-08-09 11:27:40', '2022-08-09 11:27:40'),
(577, 277, 73, 27.00, '2022-08-09 11:27:41', '2022-08-09 11:27:41'),
(578, 278, 73, 23.00, '2022-08-09 11:27:41', '2022-08-09 11:27:41'),
(579, 279, 73, 29.00, '2022-08-09 11:27:41', '2022-08-09 11:27:41'),
(580, 280, 73, 21.00, '2022-08-09 11:27:42', '2022-08-09 11:27:42'),
(581, 281, 73, 25.00, '2022-08-09 11:27:42', '2022-08-09 11:27:42'),
(582, 282, 73, 27.00, '2022-08-09 11:27:42', '2022-08-09 11:27:42'),
(583, 283, 73, 21.00, '2022-08-09 11:27:42', '2022-08-09 11:27:42'),
(584, 284, 73, 27.00, '2022-08-09 11:27:43', '2022-08-09 11:27:43'),
(585, 285, 73, 24.00, '2022-08-09 11:27:43', '2022-08-09 11:27:43'),
(586, 286, 73, 28.00, '2022-08-09 11:27:43', '2022-08-09 11:27:43'),
(587, 287, 73, 20.00, '2022-08-09 11:27:44', '2022-08-09 11:27:44'),
(588, 288, 73, 30.00, '2022-08-09 11:27:44', '2022-08-09 11:27:44'),
(589, 289, 73, 29.00, '2022-08-09 11:27:44', '2022-08-09 11:27:44'),
(590, 290, 73, 24.00, '2022-08-09 11:27:44', '2022-08-09 11:27:44'),
(591, 291, 73, 24.00, '2022-08-09 11:27:45', '2022-08-09 11:27:45'),
(592, 292, 73, 21.00, '2022-08-09 11:27:45', '2022-08-09 11:27:45'),
(593, 293, 73, 24.00, '2022-08-09 11:27:45', '2022-08-09 11:27:45'),
(594, 294, 73, 21.00, '2022-08-09 11:27:46', '2022-08-09 11:27:46'),
(595, 295, 73, 24.00, '2022-08-09 11:27:46', '2022-08-09 11:27:46'),
(596, 296, 73, 30.00, '2022-08-09 11:27:46', '2022-08-09 11:27:46'),
(597, 297, 73, 30.00, '2022-08-09 11:27:46', '2022-08-09 11:27:46'),
(598, 298, 73, 22.00, '2022-08-09 11:27:47', '2022-08-09 11:27:47'),
(599, 299, 73, 28.00, '2022-08-09 11:27:47', '2022-08-09 11:27:47'),
(600, 300, 73, 30.00, '2022-08-09 11:27:47', '2022-08-09 11:27:47'),
(601, 301, 73, 20.00, '2022-08-09 11:27:47', '2022-08-09 11:27:47'),
(602, 302, 73, 25.00, '2022-08-09 11:27:48', '2022-08-09 11:27:48');

-- --------------------------------------------------------

--
-- Table structure for table `users`
--

CREATE TABLE `users` (
  `id` bigint(20) UNSIGNED NOT NULL,
  `name` varchar(191) COLLATE utf8mb4_unicode_ci NOT NULL,
  `email` varchar(191) COLLATE utf8mb4_unicode_ci NOT NULL,
  `email_verified_at` timestamp NULL DEFAULT NULL,
  `password` varchar(191) COLLATE utf8mb4_unicode_ci NOT NULL,
  `remember_token` varchar(100) COLLATE utf8mb4_unicode_ci DEFAULT NULL,
  `created_at` timestamp NULL DEFAULT NULL,
  `updated_at` timestamp NULL DEFAULT NULL
) ENGINE=InnoDB DEFAULT CHARSET=utf8mb4 COLLATE=utf8mb4_unicode_ci;

--
-- Indexes for dumped tables
--

--
-- Indexes for table `countries`
--
ALTER TABLE `countries`
  ADD PRIMARY KEY (`id`);

--
-- Indexes for table `failed_jobs`
--
ALTER TABLE `failed_jobs`
  ADD PRIMARY KEY (`id`),
  ADD UNIQUE KEY `failed_jobs_uuid_unique` (`uuid`);

--
-- Indexes for table `migrations`
--
ALTER TABLE `migrations`
  ADD PRIMARY KEY (`id`);

--
-- Indexes for table `orders`
--
ALTER TABLE `orders`
  ADD PRIMARY KEY (`id`),
  ADD KEY `orders_country_id_foreign` (`country_id`);

--
-- Indexes for table `order_products`
--
ALTER TABLE `order_products`
  ADD PRIMARY KEY (`id`),
  ADD KEY `order_products_order_id_foreign` (`order_id`),
  ADD KEY `order_products_product_id_foreign` (`product_id`);

--
-- Indexes for table `password_resets`
--
ALTER TABLE `password_resets`
  ADD KEY `password_resets_email_index` (`email`);

--
-- Indexes for table `personal_access_tokens`
--
ALTER TABLE `personal_access_tokens`
  ADD PRIMARY KEY (`id`),
  ADD UNIQUE KEY `personal_access_tokens_token_unique` (`token`),
  ADD KEY `personal_access_tokens_tokenable_type_tokenable_id_index` (`tokenable_type`,`tokenable_id`);

--
-- Indexes for table `products`
--
ALTER TABLE `products`
  ADD PRIMARY KEY (`id`);

--
-- Indexes for table `product_taxes`
--
ALTER TABLE `product_taxes`
  ADD PRIMARY KEY (`id`),
  ADD KEY `product_taxes_product_id_foreign` (`product_id`),
  ADD KEY `product_taxes_country_id_foreign` (`country_id`);

--
-- Indexes for table `users`
--
ALTER TABLE `users`
  ADD PRIMARY KEY (`id`),
  ADD UNIQUE KEY `users_email_unique` (`email`);

--
-- AUTO_INCREMENT for dumped tables
--

--
-- AUTO_INCREMENT for table `countries`
--
ALTER TABLE `countries`
  MODIFY `id` int(10) UNSIGNED NOT NULL AUTO_INCREMENT, AUTO_INCREMENT=244;

--
-- AUTO_INCREMENT for table `failed_jobs`
--
ALTER TABLE `failed_jobs`
  MODIFY `id` bigint(20) UNSIGNED NOT NULL AUTO_INCREMENT;

--
-- AUTO_INCREMENT for table `migrations`
--
ALTER TABLE `migrations`
  MODIFY `id` int(10) UNSIGNED NOT NULL AUTO_INCREMENT, AUTO_INCREMENT=11;

--
-- AUTO_INCREMENT for table `orders`
--
ALTER TABLE `orders`
  MODIFY `id` int(10) UNSIGNED NOT NULL AUTO_INCREMENT, AUTO_INCREMENT=17;

--
-- AUTO_INCREMENT for table `order_products`
--
ALTER TABLE `order_products`
  MODIFY `id` int(10) UNSIGNED NOT NULL AUTO_INCREMENT, AUTO_INCREMENT=30;

--
-- AUTO_INCREMENT for table `personal_access_tokens`
--
ALTER TABLE `personal_access_tokens`
  MODIFY `id` bigint(20) UNSIGNED NOT NULL AUTO_INCREMENT;

--
-- AUTO_INCREMENT for table `products`
--
ALTER TABLE `products`
  MODIFY `id` int(10) UNSIGNED NOT NULL AUTO_INCREMENT, AUTO_INCREMENT=303;

--
-- AUTO_INCREMENT for table `product_taxes`
--
ALTER TABLE `product_taxes`
  MODIFY `id` int(10) UNSIGNED NOT NULL AUTO_INCREMENT, AUTO_INCREMENT=603;

--
-- AUTO_INCREMENT for table `users`
--
ALTER TABLE `users`
  MODIFY `id` bigint(20) UNSIGNED NOT NULL AUTO_INCREMENT;

--
-- Constraints for dumped tables
--

--
-- Constraints for table `orders`
--
ALTER TABLE `orders`
  ADD CONSTRAINT `orders_country_id_foreign` FOREIGN KEY (`country_id`) REFERENCES `countries` (`id`) ON DELETE CASCADE;

--
-- Constraints for table `order_products`
--
ALTER TABLE `order_products`
  ADD CONSTRAINT `order_products_order_id_foreign` FOREIGN KEY (`order_id`) REFERENCES `orders` (`id`) ON DELETE CASCADE,
  ADD CONSTRAINT `order_products_product_id_foreign` FOREIGN KEY (`product_id`) REFERENCES `products` (`id`) ON DELETE CASCADE;

--
-- Constraints for table `product_taxes`
--
ALTER TABLE `product_taxes`
  ADD CONSTRAINT `product_taxes_country_id_foreign` FOREIGN KEY (`country_id`) REFERENCES `countries` (`id`) ON DELETE CASCADE,
  ADD CONSTRAINT `product_taxes_product_id_foreign` FOREIGN KEY (`product_id`) REFERENCES `products` (`id`) ON DELETE CASCADE;
COMMIT;

/*!40101 SET CHARACTER_SET_CLIENT=@OLD_CHARACTER_SET_CLIENT */;
/*!40101 SET CHARACTER_SET_RESULTS=@OLD_CHARACTER_SET_RESULTS */;
/*!40101 SET COLLATION_CONNECTION=@OLD_COLLATION_CONNECTION */;
